,issue_id,issue_comments,issue_desc,created_at,closed_at
0,TEIID-2260,"Hi,

We have the following configuration setup in our teiid 8.2 aplha 2 environment running on eap6
{noformat}
            <transport name=""jdbc"" socket-binding=""teiid-jdbc"">
                <authentication security-domain=""REDHAT.COM""/>
                <ssl mode=""enabled"" ssl-protocol=""SSLv3"" keymanagement-algorithm=""SunX509"">
                    <keystore name=""/etc/jbossas/standalone/jboss.keystore"" password=""changeit""/>
                </ssl>
            </transport>
            <transport name=""odbc"" socket-binding=""teiid-odbc"" protocol=""pg"">
                <authentication security-domain=""REDHAT.COM""/>
                <ssl mode=""enabled"" ssl-protocol=""SSLv3"" keymanagement-algorithm=""SunX509"">
                    <keystore name=""/etc/jbossas/standalone/jboss.keystore"" password=""changeit""/>
                </ssl>
            </transport>
{noformat}

With out security configuration looking like

{noformat}
                <security-domain name=""host"" cache-type=""default"">
                    <authentication>
                        <login-module code=""Kerberos"" flag=""required"">
                            <module-option name=""storeKey"" value=""true""/>
                            <module-option name=""useKeyTab"" value=""true""/>
                            <module-option name=""principal"" value=""HTTP/REMOVED_HOSTNAME@REDHAT.COM""/>
                            <module-option name=""keyTab"" value=""/etc/jbossas/standalone/jboss.keytab""/>
                            <module-option name=""doNotPrompt"" value=""true""/>
                            <module-option name=""debug"" value=""true""/>
                        </login-module>
                    </authentication>
                </security-domain>
                <security-domain name=""fallback"" cache-type=""default"">
                    <authentication>
                        <login-module code=""Kerberos"" flag=""required"">
                            <module-option name=""useTicketCache"" value=""true""/>
                            <module-option name=""useKeyTab"" value=""false""/>
                            <module-option name=""doNotPrompt"" value=""true""/>
                            <module-option name=""debug"" value=""true""/>
                        </login-module>
                    </authentication>
                </security-domain>
                <security-domain name=""REDHAT.COM"" cache-type=""default"">
                    <authentication>
                        <login-module code=""SPNEGO"" flag=""requisite"">
                            <module-option name=""password-stacking"" value=""useFirstPass""/>
                            <module-option name=""serverSecurityDomain"" value=""host""/>
                            <module-option name=""removeRealmFromPrincipal"" value=""true""/>
                            <module-option name=""usernamePasswordDomain"" value=""fallback""/>
                        </login-module>
                    </authentication>
                </security-domain>
{noformat}

And the security seems to work as expected for the JDBC connection, but when we try to connect via ODBC to port 35432 it simply allows us to connect regardless of any username/password combination we use. We tried even switching back to just basic username/password login module (against flat files) with same results.",,,
5,TEIID-2294,"From the teiid 8.1 schema (jboss-teiid.xsd) under docs, there is no ""alias"" attribute defined for jdbc transport layer. Here is the question:  in the case of there are multiple certificates defined at  keysore, what certificate jdbc ssl will use? How to specify correct one to use?

 
Here is the sample teiid jdbc configuration used:

   <transport name=""jdbc"" socket-binding=""teiid-jdbc"">
      <authentication security-domain=""mysecuritydomain""/>
      <ssl mode=""enabled"" keymanagement-algorithm=""SunX509"">
          <keystore name=""/opt/test.keystore"" password=""password""/>
      </ssl>
   </transport>

",,,
15,TEIID-2310,"During the vdb-import testing found couple issues

1) VDB-Import information is not available, when a vdb that has vdb-import defined, and queried through CLI or Teiid Console, Admin Shell.

2) VDB is not properly re-loading, when dependent VDB has been re-deployed. For example, if we have 3 vdbs

PartsTop_VDB.vdb -> imports -> PartsCommon_View.vdb -> imports -> PartsCommon_Root.vdb

then if we do deploy of all the vdbs in any order, we will have all the 3 VDBS available in server. Then if you, undeploy

undeploy PartsCommon_View.vdb

then it will remove ""PartsCommon_View.vdb"" and also ""PartsTop_VDB.vdb"" as it depends on it. 

However, upon re-deployment of ""PartsCommon_View.vdb"" the ""PartsTop_VDB.vdb"" should come up with out any issues, but it does not.

",,,
258,TEIID-4002,"To improve the usability of JDG as a materialized data source, the resource-adapter needs to be changed to not require the marshaller/protobuf file when the the pojo class has the defined annotations for specifying the schema.   

Currently, the marshaller(s) and protobuf are required.",,,
334,TEIID-4277,"When user tries to query materialized view in a moment when its loading is in progress, incomplete results are returned. The status of the view in corresponding status table is LOADING.
Vdb used:
{code:xml}
<?xml version=""1.0"" encoding=""UTF-8""?>
<vdb name=""jdg-remote"" version=""1"">
  <description>For testing of materialized views</description>
  <property name =""lib"" value =""org.jboss.qe.jdg.pojos""></property>
  <model name=""jdgSource"">
    <source name=""jdgSource"" translator-name=""jdg-override""
      connection-jndi-name=""java:/jdg-mat-ds"" />
      <metadata type=""DDL""><![CDATA[
        CREATE FOREIGN TABLE CustomerReport(
        customerId integer not null OPTIONS (SEARCHABLE 'Searchable', NATIVE_TYPE 'int'),
        totalAmount integer,
        CONSTRAINT PK_ID PRIMARY KEY(customerId)
        ) OPTIONS (NAMEINSOURCE '${db.table.prefix}jdg-mat', UPDATABLE TRUE);]]>
      </metadata>
  </model>
  <model name=""h2Source"">
    <source name=""h2Source"" translator-name=""h2"" connection-jndi-name=""java:/h2-ds"" />
  </model>
  <model name=""View"" type=""VIRTUAL"">
    <metadata type=""DDL""><![CDATA[
        CREATE VIEW external_long_ttl (
           customerId integer NOT NULL,
           totalAmount integer
        ) OPTIONS (MATERIALIZED 'TRUE',
            MATERIALIZED_TABLE 'jdgSource.CustomerReport',
            ""teiid_rel:ALLOW_MATVIEW_MANAGEMENT"" 'true',
            ""teiid_rel:MATVIEW_LOAD_SCRIPT"" 'INSERT INTO jdgSource.CustomerReport(customerId,totalAmount) SELECT c.id AS customerId, CONVERT(SUM(o.amount),integer) AS totalAmount FROM DV_MATVIEWS_CUSTOMERS c INNER JOIN DV_MATVIEWS_ORDERS o ON c.id = o.customer_id GROUP BY c.id;',
            ""teiid_rel:MATVIEW_STATUS_TABLE"" 'h2Source.DB.PUBLIC.DV_MATVIEWS_STATUSTABLE',
            ""teiid_rel:MATVIEW_BEFORE_LOAD_SCRIPT"" 'execute jdgSource.native(''truncate cache'');',
            ""teiid_rel:MATVIEW_AFTER_LOAD_SCRIPT"" 'execute jdgSource.native(''swap cache names'');',
            ""teiid_rel:MATVIEW_ONERROR_ACTION"" 'WAIT',
            ""teiid_rel:MATVIEW_TTL"" 10000
        )
            AS SELECT c.id AS customerId, CONVERT(SUM(o.amount),integer) AS totalAmount FROM DV_MATVIEWS_CUSTOMERS c INNER JOIN DV_MATVIEWS_ORDERS o ON c.id = o.customer_id GROUP BY c.id;
     ]]>
    </metadata>
  </model>
  <translator name=""jdg-override"" type=""infinispan-cache-dsl"">
    <property name=""SupportsDirectQueryProcedure"" value=""true"" />
  </translator>
</vdb>
{code}
Resource-adapter used:
{code:xml}
<resource-adapter id=""jdg-mat"">
    <module slot=""main"" id=""org.jboss.teiid.resource-adapter.infinispan.dsl""/>
    <connection-definitions>
        <connection-definition class-name=""org.teiid.resource.adapter.infinispan.dsl.InfinispanManagedConnectionFactory"" jndi-name=""java:/jdg-mat-ds"" enabled=""true"" pool-name=""jdg-mat"">
            <config-property name=""ProtobufDefinitionFile"">
                /org/jboss/qe/jdg/remote/protobuf/CustomerReport.proto
            </config-property>
            <config-property name=""AliasCacheName"">
                ${db.table.prefix}jdg-alias
            </config-property>
            <config-property name=""MessageMarshallers"">
                org.jboss.qe.jdg.pojo.CustomerReport:org.jboss.qe.jdg.remote.marshaller.CustomerReportMarshaller
            </config-property>
            <config-property name=""RemoteServerList"">
                [remote-server-address]:11322
            </config-property>
            <config-property name=""StagingCacheName"">
                ${db.table.prefix}jdg-mat-stage
            </config-property>
            <config-property name=""CacheTypeMap"">
                ${db.table.prefix}jdg-mat:org.jboss.qe.jdg.pojo.CustomerReport;customerId
            </config-property>
            <config-property name=""MessageDescriptor"">
                org.jboss.qe.jdg.remote.protobuf.CustomerReport
            </config-property>
            <config-property name=""Module"">
                org.jboss.qe.jdg.pojos
            </config-property>
        </connection-definition>
    </connection-definitions>
</resource-adapter>
{code}
Datasource used (tables that the view queries):
{code:xml}
<xa-datasource jndi-name=""java:/h2-ds"" pool-name=""h2-xa-ds"" enabled=""true"">
    <xa-datasource-property name=""URL"">
        jdbc:h2:tcp://localhost:9292/db;TRACE_LEVEL_FILE=4
    </xa-datasource-property>
    <driver>h2</driver>
    <security>
        <user-name>sa</user-name>
    </security>
</xa-datasource>
{code}
Query invoked to check current contents of materialized view:
{code:sql}
SELECT COUNT(*) FROM external_long_ttl;
{code}
And expected result is the same as count of DV_MATVIEWS_CUSTOMERS table from source h2Source. In my case 10.
But when I print out the result I get all numbers from 0 to 10 . See attached log output (search for 'check-count:')",,,
368,TEIID-3170,"The ""org.springframework.spring"" module and dependent jars will be added to the kit.",,,
371,TEIID-3171,"When trying to connect via JDBC using GSS authentication, the follwing exception is thrown if Credential Delegation is not enabled. Via ODBC, same setup works fine.

2014-10-14 11:22:35,199 INFO  [org.teiid.SECURITY] (New I/O worker #4:) TEIID40017 Unexpected exception for session null: java.lang.NullPointerException
        at java.util.Hashtable.put(Hashtable.java:514)
        at org.teiid.transport.LogonImpl.neogitiateGssLogin(LogonImpl.java:197)
        at sun.reflect.NativeMethodAccessorImpl.invoke0(Native Method)
        at sun.reflect.NativeMethodAccessorImpl.invoke(NativeMethodAccessorImpl.java:57)
        at sun.reflect.DelegatingMethodAccessorImpl.invoke(DelegatingMethodAccessorImpl.java:43)
        at java.lang.reflect.Method.invoke(Method.java:606)
        at org.teiid.transport.ServerWorkItem.run(ServerWorkItem.java:87)
        at org.teiid.dqp.internal.process.DQPWorkContext.runInContext(DQPWorkContext.java:274)
        at org.teiid.transport.SocketClientInstance.processMessagePacket(SocketClientInstance.java:207)
        at org.teiid.transport.SocketClientInstance.receivedMessage(SocketClientInstance.java:193)
        at org.teiid.transport.SSLAwareChannelHandler.messageReceived(SSLAwareChannelHandler.java:211)",,,
372,TEIID-4125,"I don't know if this is a Teiid or Teiid Designer issue.

When I generate a SOAP war from VDB and try to deploy it to server, I get following exception:

{code}
Deployment failed: ProductInfoVdb.war: {""outcome"" : ""failed"", ""failure-description"" : {""JBAS014671: Failed services"" : {""jboss.deployment.unit.\""ProductInfoVdb.war\"".INSTALL"" : ""org.jboss.msc.service.StartException in service jboss.deployment.unit.\""ProductInfoVdb.war\"".INSTALL: JBAS018733: Failed to process phase INSTALL of deployment \""ProductInfoVdb.war\""\n Caused by: java.lang.NoClassDefFoundError: org/apache/commons/logging/LogFactory\n Caused by: java.lang.ClassNotFoundException: org.apache.commons.logging.LogFactory from [Module \""org.springframework.spring:main\"" from local module loader @ed17bee (finder: local module finder @2a33fae0 (roots: /Users/mmakovy/server-installer/dv-6.3.0.DR3/target/jboss-eap-6.4/modules,/Users/mmakovy/server-installer/dv-6.3.0.DR3/target/jboss-eap-6.4/modules/system/layers/dv,/Users/mmakovy/server-installer/dv-6.3.0.DR3/target/jboss-eap-6.4/modules/system/layers/base/.overlays/layer-base-jboss-eap-6.4.3.CP,/Users/mmakovy/server-installer/dv-6.3.0.DR3/target/jboss-eap-6.4/modules/system/layers/base))]""}}, ""rolled-back"" : true}
{code}

The whole ""test script"" should be accessible here: https://mojo.redhat.com/docs/DOC-995324

This happens *only with DV-6.3.0.DR3*. When I deploy this war to DV 6.2 server, everything works as expected.

I attached project in zip file (Untitled.zip) and generated WAR. The WAR file was generated in TD 10.0.0.Beta2, but I tried to generate the war in 9.0.5 Designer and the result was the same. 

I marked this as Critical, but if it is a Designer issue I think it should be marked as blocker.
",,,
373,TEIID-4478,The 1-to-1 relationship currently doesn't work or produce an exception.   It appears to not be specifically handled.,,,
403,TEIID-4299,"The object translator wasn't handling the setting of null values when its tried to be set on a native attribute (i.e., long, int, boolean).",,,
415,TEIID-2999,"Error:

{code}
14:27:48,921 WARN  [org.teiid.CONNECTOR] (Worker39_QueryProcessorQueue1816) Connector worker process failed for atomic-request=WpidMF9SD0dt.4.0.367: org.teiid.translator.jdbc.JDBCExecutionException: 0 TEIID11008:TEIID11004 Error executing statement(s): [SQL: SELECT g_0.""jcr:name"", g_0.""jcr:path"", g_0.""jcr:score"", g_0.""mode:depth"", g_0.""mode:localName"", g_0.""transform:deleteAllowed"", g_0.""transform:deleteSql"", g_0.""transform:deleteSqlDefault"", g_0.""transform:insertAllowed"", g_0.""transform:insertSql"", g_0.""transform:insertSqlDefault"", g_0.""transform:outputLocked"", g_0.""transform:selectSql"", g_0.""transform:updateAllowed"", g_0.""transform:updateSql"", g_0.""transform:updateSqlDefault"" FROM ""transform:withSql"" AS g_0 WHERE UpperCase(g_0.""transform:selectSql"") LIKE '%ORDER_EPPO_PUBKEY%']
	at org.teiid.translator.jdbc.JDBCQueryExecution.execute(JDBCQueryExecution.java:88)
	at org.teiid.dqp.internal.datamgr.ConnectorWorkItem.execute(ConnectorWorkItem.java:312) [teiid-engine-8.4.1-redhat-7.jar:8.4.1-redhat-7]
	at org.teiid.dqp.internal.process.DataTierTupleSource.getResults(DataTierTupleSource.java:301) [teiid-engine-8.4.1-redhat-7.jar:8.4.1-redhat-7]
	at org.teiid.dqp.internal.process.DataTierTupleSource$1.call(DataTierTupleSource.java:113) [teiid-engine-8.4.1-redhat-7.jar:8.4.1-redhat-7]
	at org.teiid.dqp.internal.process.DataTierTupleSource$1.call(DataTierTupleSource.java:110) [teiid-engine-8.4.1-redhat-7.jar:8.4.1-redhat-7]
	at java.util.concurrent.FutureTask.run(FutureTask.java:262) [rt.jar:1.7.0_60]
	at org.teiid.dqp.internal.process.FutureWork.run(FutureWork.java:58) [teiid-engine-8.4.1-redhat-7.jar:8.4.1-redhat-7]
	at org.teiid.dqp.internal.process.DQPWorkContext.runInContext(DQPWorkContext.java:269) [teiid-engine-8.4.1-redhat-7.jar:8.4.1-redhat-7]
	at org.teiid.dqp.internal.process.ThreadReuseExecutor$RunnableWrapper.run(ThreadReuseExecutor.java:119) [teiid-engine-8.4.1-redhat-7.jar:8.4.1-redhat-7]
	at org.teiid.dqp.internal.process.ThreadReuseExecutor$3.run(ThreadReuseExecutor.java:214) [teiid-engine-8.4.1-redhat-7.jar:8.4.1-redhat-7]
	at java.util.concurrent.ThreadPoolExecutor.runWorker(ThreadPoolExecutor.java:1145) [rt.jar:1.7.0_60]
	at java.util.concurrent.ThreadPoolExecutor$Worker.run(ThreadPoolExecutor.java:615) [rt.jar:1.7.0_60]
	at java.lang.Thread.run(Thread.java:745) [rt.jar:1.7.0_60]
Caused by: java.sql.SQLException: The JCR-SQL2 query ""SELECT g_0.""jcr:name"", g_0.""jcr:path"", g_0.""jcr:score"", g_0.""mode:depth"", g_0.""mode:localName"", g_0.""transform:deleteAllowed"", g_0.""transform:deleteSql"", g_0.""transform:deleteSqlDefault"", g_0.""transform:insertAllowed"", g_0.""transform:insertSql"", g_0.""transform:insertSqlDefault"", g_0.""transform:outputLocked"", g_0.""transform:selectSql"", g_0.""transform:updateAllowed"", g_0.""transform:updateSql"", g_0.""transform:updateSqlDefault"" FROM ""transform:withSql"" AS g_0 WHERE UpperCase(g_0.""transform:selectSql"") LIKE '%ORDER_EPPO_PUBKEY%'"" is not well-formed: Expecting a constraint, but found 'UpperCase' at line 1, column 467
	at org.modeshape.jdbc.JcrStatement.execute(JcrStatement.java:433)
	at org.modeshape.jdbc.JcrStatement.executeQuery(JcrStatement.java:479)
	at org.jboss.jca.adapters.jdbc.WrappedStatement.executeQuery(WrappedStatement.java:344)
	at org.teiid.translator.jdbc.JDBCQueryExecution.execute(JDBCQueryExecution.java:80)
	... 12 more
Caused by: javax.jcr.query.InvalidQueryException: The JCR-SQL2 query ""SELECT g_0.""jcr:name"", g_0.""jcr:path"", g_0.""jcr:score"", g_0.""mode:depth"", g_0.""mode:localName"", g_0.""transform:deleteAllowed"", g_0.""transform:deleteSql"", g_0.""transform:deleteSqlDefault"", g_0.""transform:insertAllowed"", g_0.""transform:insertSql"", g_0.""transform:insertSqlDefault"", g_0.""transform:outputLocked"", g_0.""transform:selectSql"", g_0.""transform:updateAllowed"", g_0.""transform:updateSql"", g_0.""transform:updateSqlDefault"" FROM ""transform:withSql"" AS g_0 WHERE UpperCase(g_0.""transform:selectSql"") LIKE '%ORDER_EPPO_PUBKEY%'"" is not well-formed: Expecting a constraint, but found 'UpperCase' at line 1, column 467
	at org.modeshape.jcr.JcrQueryManager.createQuery(JcrQueryManager.java:146)
	at org.modeshape.jcr.JcrQueryManager.createQuery(JcrQueryManager.java:101)
	at org.modeshape.jdbc.delegate.LocalRepositoryDelegate.execute(LocalRepositoryDelegate.java:139)
	at org.modeshape.jdbc.JcrStatement.execute(JcrStatement.java:429)
	... 15 more",,,
416,TEIID-4112,"If running a WITH table AS(...) query to Oracle and the query schema name is the same as the subquery name i.e. EWI.  you receive the Oracle error:

ORA-32039: recursive WITH clause must have column alias list

If you modify the query to 
WITH EWI1 AS ....
then it works.

f.ex:
breaking:       WITH tbl AS (
where tbl = a common table name in the current schema and the common table definition as (...) references a view in that schema. Oracle will complain with this erroneous error.  

work-around: WITH tbl_1 AS(
where tbl_1 does not exist as a current schema/table name.

",,,
423,TEIID-3219,"When querying a column which has a null value somewhere in it, the result set is missing all the rows under the null value in the xlsx file. When querying more columns, the result set is missing some values only if there is a row, where both columns contains null value.",,,
425,TEIID-3241,"When changing configuration of Audit and Command logging via Web Management, an exception is thrown in specific usecase, see the steps to reproduce below.
Then even after server restart logging doesn't work. No changes noticed in standalone.xml during the configuration.

Version-Release number of selected component (if applicable):
DV 6.1.0 ER4

How reproducible:
Once after installation (further on the logging simply doesn't work)

Steps to Reproduce:
1.Install DV with audit/command logging enabled
2.Start DV with bin/standalone.sh, check that logging works
3.Access http://localhost:9990/console/App.html#teiid-audit and unselect selected options
4.Apply
5.Select the previously deselected options again
6.Apply
7.See the server log in console
8.When there is server reload between unselecting and reselecting the options, then the exception is not raised, but the logging doesn't work afterwards.

Actual results:
java.lang.IllegalArgumentException: Handler ""TEIID_AUDIT_LOG"" is not found
or
java.lang.IllegalArgumentException: Handler ""TEIID_COMMAND_LOG"" is not found

Expected results:
Logging configured again",,,
448,TEIID-3204,"Admin shell throws an IncompatibleClassChangeError when wrong path to groovy script is provided along with load command.

Actual result:
===> [import static org.teiid.adminshell.AdminShell.*; import static org.teiid.adminshell.GroovySqlExtensions.*; import org.teiid.adminapi.*;]
FATAL: java.lang.IncompatibleClassChangeError: the number of constructors during runtime and compile time for java.lang.Exception do not match. Expected 4 but got 5
java.lang.IncompatibleClassChangeError: the number of constructors during runtime and compile time for java.lang.Exception do not match. Expected 4 but got 5
	at groovy.lang.MetaClassImpl.selectConstructorAndTransformArguments(MetaClassImpl.java:1406)
	at org.codehaus.groovy.runtime.ScriptBytecodeAdapter.selectConstructorAndTransformArguments(ScriptBytecodeAdapter.java:237)
	at org.codehaus.groovy.tools.shell.CommandException.<init>(Command.groovy:60)
	at sun.reflect.NativeConstructorAccessorImpl.newInstance0(Native Method)
	at sun.reflect.NativeConstructorAccessorImpl.newInstance(NativeConstructorAccessorImpl.java:57)
	at sun.reflect.DelegatingConstructorAccessorImpl.newInstance(DelegatingConstructorAccessorImpl.java:45)
	at java.lang.reflect.Constructor.newInstance(Constructor.java:526)
....
....",,,
451,TEIID-2786,"When trying to use the Teiid Designer feature of importing using a Teiid Connection fails when the connection is to ModeShape.  The following exception:

08:33:44,914 ERROR [stderr] (teiid-async-threads - 2) java.sql.SQLFeatureNotSupportedException
08:33:44,915 ERROR [stderr] (teiid-async-threads - 2) 	at org.modeshape.jdbc.JcrMetaData.getTypeInfo(JcrMetaData.java:1656)
08:33:44,915 ERROR [stderr] (teiid-async-threads - 2) 	at org.teiid.translator.jdbc.JDBCMetdataProcessor.getConnectorMetadata(JDBCMetdataProcessor.java:107)
08:33:44,915 INFO  [org.jboss.as.server] (management-handler-thread - 4) JBAS018559: Deployed ""importVDB-vdb.xml"" (runtime-name : ""importVDB-vdb.xml"")
08:33:44,916 ERROR [stderr] (teiid-async-threads - 2) 	at org.teiid.translator.jdbc.modeshape.ModeShapeExecutionFactory.getMetadata(ModeShapeExecutionFactory.java:280)
08:33:44,916 ERROR [stderr] (teiid-async-threads - 2) 	at org.teiid.translator.jdbc.modeshape.ModeShapeExecutionFactory.getMetadata(ModeShapeExecutionFactory.java:62)
08:33:44,916 ERROR [stderr] (teiid-async-threads - 2) 	at org.teiid.query.metadata.NativeMetadataRepository.loadMetadata(NativeMetadataRepository.java:61)
08:33:44,917 ERROR [stderr] (teiid-async-threads - 2) 	at org.teiid.query.metadata.ChainingMetadataRepository.loadMetadata(ChainingMetadataRepository.java:55)
08:33:44,917 ERROR [stderr] (teiid-async-threads - 2) 	at org.teiid.jboss.VDBService$6.run(VDBService.java:397)
08:33:44,917 ERROR [stderr] (teiid-async-threads - 2) 	at org.teiid.jboss.VDBService$7.run(VDBService.java:444)
08:33:44,918 ERROR [stderr] (teiid-async-threads - 2) 	at org.jboss.threads.SimpleDirectExecutor.execute(SimpleDirectExecutor.java:33)

My guess is the local modeshape jdbc driver hasn't been fully vetted in this area, as the remote JDBC version has been the one used when using the Modeshape eclipse plugin for importing the metadata.
",,,
457,TEIID-3922,"When using Accumulo translator to query an accumulo instance, following exception appears, when comparing on a column.
{code}
Caused by: java.lang.ClassNotFoundException: org.teiid.api.exception.query.ExpressionEvaluationException
{code}
Example query:
{code:sql}
SELECT * FROM MyTable WHERE MyColumn='string';
{code}

The reason is, that the mentioned class ExpressionEvaluationException is placed in module ""org.jboss.teiid"", but this module is not set as dependency in resulting ""org.jboss.teiid.translator.accumulo"" module.",,,
458,TEIID-4291,"When obtaining the table name and using it to match the registered class (configured in RA), the logic doesn't take into account when folders are used.   The name is returned like: folder[.folder].tableName

Nee to change logic to strip folder(s) to get the tableName.",,,
467,TEIID-4102,"There is problem with invalid module.xml file in infinispan 6 resource-adapter.

In its dependencies there is:
{code:xml}
<module name=""org.jboss.teiid.translator.infinispan.cache"" export=true/>
{code}

There should be
{code:xml}
<module name=""org.jboss.teiid.translator.infinispan.cache"" export=""true""/>
{code}",,,
468,TEIID-4128,"""full-ha"" profile in the domain mode is missing default SSL configuration for ODBC transport:
<ssl mode=""disabled""/>

This prevents OOB user:password authentication for ODBC transport.",,,
469,TEIID-4468,"Query """"SELECT stringNum FROM bqt1.SmallA <> 0"" returns also values NULL (empty cell in spreadsheet).
I.e., NULL is treated as different from 0.
If this is expected behavior, shouldn't it be in the documentation?
",,,
478,TEIID-4329,"When using the JDG annotations as the means of configuring the cache and serialization, its not specifying the package name qualifier.    ",,,
481,TEIID-3969,"hana was missing from the cli scripts and added by another issue - but we are still missing jpa2, simpledb, and ucanaccess.",,,
487,TEIID-4351,"When the primary object has a defined  1-to-1 relationship, the internal relationship isn't generating a second table by the metadata processor, even though its defined in the protobuf definition file and the marshallers.   And when the second table is manually built, and then tried to preview, the server is throwing a methodNotFound exception, because its looking back on the primary object for the method, not the internal object.

",,,
550,TEIID-4148," the ""org.jboss.teiid.translator.jdbc"" module (where the query originates from) has to list ""org.modeshape.jdbc"" as a dependency so that ModeShape's CP can be accessible.",,,
551,TEIID-4150,"There is a problem in mentioned module when server attempts to load it:
{code:plain}
[standalone@localhost:9999 /] /subsystem=resource-adapters/resource-adapter=infinispandsl:add(module=org.jboss.teiid.resource-adapter.infinispan.dsl)
{
    ""outcome"" => ""failed"",
    ""failure-description"" => ""JBAS010473: Failed to load module for RA [org.jboss.teiid.resource-adapter.infinispan.dsl]"",
    ""rolled-back"" => true
}
{code}
It is not valid module according to the 'urn:jboss:module:1.1' schema.
Problematic fragment:
{code:xml}
<dependencies>
...
<module name=""org.infinispan.query"" slot=""jdg-6.6"" optional=""true"" export=""true"" services=""true"" />
...
</dependencies>
{code}
According to the mentioned schema the attribute 'services' can have only values:
* none
* import
* export

This issue prevents a user from using the adapter.

Furthermore I am not sure that name 'org.infinispan.query' of the dependency module is correct. I haven't found such module in jdg client libs, there are two possible candidates though:
* org.infinispan.query.dsl
* org.infinispan.query.remote.client",,,
554,TEIID-4339,NoData,,,
555,TEIID-3124,"After install JDV 6.0.0.GA via
   java -jar jboss-dv-installer-6.0.0.GA-redhat-4.jar 
start JDV throw the following exception cause some of servers start failed:
~~~
17:17:35,824 ERROR [org.jboss.msc.service.fail] (MSC service thread 1-8) MSC000001: Failed to start service jboss.teiid.transport.jdbc: org.jboss.msc.service.StartException in service jboss.teiid.transport.jdbc: Failed to start service
    at org.jboss.msc.service.ServiceControllerImpl$StartTask.run(ServiceControllerImpl.java:1767) [jboss-msc-1.0.4.GA-redhat-1.jar:1.0.4.GA-redhat-1]
    at java.util.concurrent.ThreadPoolExecutor.runWorker(ThreadPoolExecutor.java:1145) [rt.jar:1.7.0_55]
    at java.util.concurrent.ThreadPoolExecutor$Worker.run(ThreadPoolExecutor.java:615) [rt.jar:1.7.0_55]
    at java.lang.Thread.run(Thread.java:744) [rt.jar:1.7.0_55]
Caused by: org.teiid.core.TeiidRuntimeException: TEIID40065 Failed to resolve the bind address
    at org.teiid.transport.SocketConfiguration.resolveHostName(SocketConfiguration.java:82)
    at org.teiid.transport.SocketConfiguration.getHostAddress(SocketConfiguration.java:103)
    at org.teiid.transport.SocketListener.<init>(SocketListener.java:55)
    at org.teiid.jboss.TransportService.start(TransportService.java:157)
    at org.jboss.msc.service.ServiceControllerImpl$StartTask.startService(ServiceControllerImpl.java:1811) [jboss-msc-1.0.4.GA-redhat-1.jar:1.0.4.GA-redhat-1]
    at org.jboss.msc.service.ServiceControllerImpl$StartTask.run(ServiceControllerImpl.java:1746) [jboss-msc-1.0.4.GA-redhat-1.jar:1.0.4.GA-redhat-1]
    ... 3 more

17:17:35,844 ERROR [org.jboss.msc.service.fail] (MSC service thread 1-4) MSC000001: Failed to start service jboss.teiid.transport.odbc: org.jboss.msc.service.StartException in service jboss.teiid.transport.odbc: Failed to start service
    at org.jboss.msc.service.ServiceControllerImpl$StartTask.run(ServiceControllerImpl.java:1767) [jboss-msc-1.0.4.GA-redhat-1.jar:1.0.4.GA-redhat-1]
    at java.util.concurrent.ThreadPoolExecutor.runWorker(ThreadPoolExecutor.java:1145) [rt.jar:1.7.0_55]
    at java.util.concurrent.ThreadPoolExecutor$Worker.run(ThreadPoolExecutor.java:615) [rt.jar:1.7.0_55]
    at java.lang.Thread.run(Thread.java:744) [rt.jar:1.7.0_55]
Caused by: org.teiid.core.TeiidRuntimeException: TEIID40065 Failed to resolve the bind address
    at org.teiid.transport.SocketConfiguration.resolveHostName(SocketConfiguration.java:82)
    at org.teiid.transport.SocketConfiguration.getHostAddress(SocketConfiguration.java:103)
    at org.teiid.transport.SocketListener.<init>(SocketListener.java:55)
    at org.teiid.transport.ODBCSocketListener.<init>(ODBCSocketListener.java:43)
    at org.teiid.jboss.TransportService.start(TransportService.java:181)
    at org.jboss.msc.service.ServiceControllerImpl$StartTask.startService(ServiceControllerImpl.java:1811) [jboss-msc-1.0.4.GA-redhat-1.jar:1.0.4.GA-redhat-1]
    at org.jboss.msc.service.ServiceControllerImpl$StartTask.run(ServiceControllerImpl.java:1746) [jboss-msc-1.0.4.GA-redhat-1.jar:1.0.4.GA-redhat-1]
    ... 3 more
~~~",,,
556,TEIID-3536,"Rows which have been inserted into cache directly through hotrod protocol can't be deleted or updated (update command returns correct number of rows to be updated but no rows are actually updated) using the Infinispan-dsl-cache translator.

If the rows are inserted through Infinispan-dsl-cache translator, then they can be deleted or updated.

Server1.log contains logs for an attempt to delete row which was previously directly inserted through hotrod protocol. It contains logs for two queries:
1, select * from smalla where intkey = 10 (returns 1 row)
2, delete from smalla where intkey = 10 (deletes 0 rows)

Server2.log contains logs for an attempt to delete row which was inserted using the Infinispan-dsl-cache translator. It contains logs for two queries:
1, insert into smalla(intKey, stringKey,booleanValue) values(141,'ss',false) (correctly inserts 1 row) 
2, delete from smalla where intkey = 10 (correctly deletes 1 row)",,,
577,TEIID-3189,"The attached dynamic VDB that's in the dynamicvdb-data-federation quick start, fails to deploy based on the defined materialization (remove it and the VDB deploys fine): 

15:33:39,870 WARN  [org.teiid.PROCESSOR] (Worker0_QueryProcessorQueue12) TEIID30020 Processing exception for request Za7hE/1FAkqH.0 'TEIID30168 Couldn't execute the dynamic SQL command ""EXECUTE IMMEDIATE (updateStmt || ' AND loadNumber = DVARS.loadNumber') USING loadNumber = VARIABLES.loadNumber, vdbName = VARIABLES.vdbName, vdbVersion = VARIABLES.vdbVersion, schemaName = schemaName, viewName = viewName, updated = now(), LoadState = 'FAILED_LOAD', valid = (VARIABLES.valid) AND (NOT (invalidate)), cardinality = -1"" with the SQL statement ""(updateStmt || ' AND loadNumber = DVARS.loadNumber')"" due to: TEIID30082 Cannot set symbol 'LoadNumber' with expected type integer to expression 'DVARS.LoadNumber''. Originally QueryProcessingException 'TEIID30082 Expected value of type 'integer' but 'DVARS.LoadNumber' is of type 'long' and no implicit conversion is available.' ResolverUtil.java:217. Enable more detailed logging to see the entire stacktrace.
15:33:39,872 WARN  [org.teiid.PROCESSOR.MATVIEWS] (teiid-async-threads - 3) TEIID50100 Trigger execution result: org.jboss.as.controller.OperationFailedException [ ""TEIID30168 org.teiid.api.exception.query.QueryProcessingException: TEIID30168 Couldn't execute the dynamic SQL command \""EXECUTE IMMEDIATE (updateStmt || ' AND loadNumber = DVARS.loadNumber') USING loadNumber = VARIABLES.loadNumber, vdbName = VARIABLES.vdbName, vdbVersion = VARIABLES.vdbVersion, schemaName = schemaName, viewName = viewName, updated = now(), LoadState = 'FAILED_LOAD', valid = (VARIABLES.valid) AND (NOT (invalidate)), cardinality = -1\"" with the SQL statement \""(updateStmt || ' AND loadNumber = DVARS.loadNumber')\"" due to: TEIID30082 Cannot set symbol 'LoadNumber' with expected type integer to expression 'DVARS.LoadNumber'"" ]: org.teiid.jdbc.TeiidSQLException: TEIID50100 Trigger execution result: org.jboss.as.controller.OperationFailedException [ ""TEIID30168 org.teiid.api.exception.query.QueryProcessingException: TEIID30168 Couldn't execute the dynamic SQL command \""EXECUTE IMMEDIATE (updateStmt || ' AND loadNumber = DVARS.loadNumber') USING loadNumber = VARIABLES.loadNumber, vdbName = VARIABLES.vdbName, vdbVersion = VARIABLES.vdbVersion, schemaName = schemaName, viewName = viewName, updated = now(), LoadState = 'FAILED_LOAD', valid = (VARIABLES.valid) AND (NOT (invalidate)), cardinality = -1\"" with the SQL statement \""(updateStmt || ' AND loadNumber = DVARS.loadNumber')\"" due to: TEIID30082 Cannot set symbol 'LoadNumber' with expected type integer to expression 'DVARS.LoadNumber'"" ]
	at org.teiid.jboss.MaterializationManagementService$1.executeQuery(MaterializationManagementService.java:104) [teiid-jboss-integration-8.7.1.redhat-4.jar:8.7.1.redhat-4]
	at org.teiid.runtime.MaterializationManager$QueryJob$1.run(MaterializationManager.java:267) [teiid-runtime-8.7.1.redhat-4.jar:8.7.1.redhat-4]
	at java.util.concurrent.ThreadPoolExecutor.runWorker(ThreadPoolExecutor.java:1145) [rt.jar:1.7.0_55]
	at java.util.concurrent.ThreadPoolExecutor$Worker.run(ThreadPoolExecutor.java:615) [rt.jar:1.7.0_55]
	at java.lang.Thread.run(Thread.java:745) [rt.jar:1.7.0_55]
	at org.jboss.threads.JBossThread.run(JBossThread.java:122)",,,
579,TEIID-3083,"Fix modules so the versions are not hard coded, but substituted at build time. 

This fix includes changes for dom4j and xmlbeans.",,,
581,TEIID-3424,"Documentation states that Infinispan DSL cache translator has this capabilities: Compare Criteria - EQ, NE, LT, GT, LE, GE. 

However capabilities for LT, GT and NE are disabled.",,,
583,TEIID-3368,The database-service.jar in the tepid-extensions needs to be built with a version in the name.,,,
585,TEIID-3900,"Malformed URL \[1\] causes NPE in Teiid \[2\].

\[1\] http://localhost:8080/odata/test$metadata (missing '/' after VDB name)
\[2\]
{code:text}
[org.teiid.ODATA] (http-/127.0.0.1:8080-1) TEIID16013 Error occurred producing OData result.: java.lang.NullPointerException
	at org.teiid.odbc.ODBCServerRemoteImpl.setConnectionProperties(ODBCServerRemoteImpl.java:304) [teiid-runtime-8.12.3.redhat-1.jar:8.12.3.redhat-1]
	at org.teiid.odata.LocalClient.getConnection(LocalClient.java:167) [classes:]
	at org.teiid.odata.LocalClient.getVDB(LocalClient.java:139) [classes:]
	at org.teiid.odata.LocalClient.getMetadata(LocalClient.java:484) [classes:]
	at org.teiid.odata.TeiidProducer.getMetadata(TeiidProducer.java:83) [classes:]
	at org.odata4j.producer.resources.ServiceDocumentResource.getServiceDocument(ServiceDocumentResource.java:35) [odata-core-0.8.10.jar:0.8.10]
	at sun.reflect.NativeMethodAccessorImpl.invoke0(Native Method) [rt.jar:1.8.0_40]
	at sun.reflect.NativeMethodAccessorImpl.invoke(NativeMethodAccessorImpl.java:62) [rt.jar:1.8.0_40]
	at sun.reflect.DelegatingMethodAccessorImpl.invoke(DelegatingMethodAccessorImpl.java:43) [rt.jar:1.8.0_40]
	at java.lang.reflect.Method.invoke(Method.java:497) [rt.jar:1.8.0_40]
	at org.jboss.resteasy.core.MethodInjectorImpl.invoke(MethodInjectorImpl.java:168) [resteasy-jaxrs-2.3.12.Final-redhat-1.jar:]
	at org.jboss.resteasy.core.ResourceMethod.invokeOnTarget(ResourceMethod.java:269) [resteasy-jaxrs-2.3.12.Final-redhat-1.jar:]
	at org.jboss.resteasy.core.ResourceMethod.invoke(ResourceMethod.java:227) [resteasy-jaxrs-2.3.12.Final-redhat-1.jar:]
	at org.jboss.resteasy.core.ResourceMethod.invoke(ResourceMethod.java:216) [resteasy-jaxrs-2.3.12.Final-redhat-1.jar:]
	at org.jboss.resteasy.core.SynchronousDispatcher.getResponse(SynchronousDispatcher.java:561) [resteasy-jaxrs-2.3.12.Final-redhat-1.jar:]
	at org.jboss.resteasy.core.SynchronousDispatcher.invoke(SynchronousDispatcher.java:543) [resteasy-jaxrs-2.3.12.Final-redhat-1.jar:]
	at org.jboss.resteasy.core.SynchronousDispatcher.invoke(SynchronousDispatcher.java:128) [resteasy-jaxrs-2.3.12.Final-redhat-1.jar:]
	at org.teiid.odata.ODataServletContainerDispatcher.service(ODataServletContainerDispatcher.java:118) [classes:]
	at org.teiid.odata.ODataServlet.service(ODataServlet.java:65) [classes:]
	at org.jboss.resteasy.plugins.server.servlet.HttpServletDispatcher.service(HttpServletDispatcher.java:50) [resteasy-jaxrs-2.3.12.Final-redhat-1.jar:]
	at javax.servlet.http.HttpServlet.service(HttpServlet.java:847) [jboss-servlet-api_3.0_spec-1.0.2.Final-redhat-2.jar:1.0.2.Final-redhat-2]
	at org.apache.catalina.core.ApplicationFilterChain.internalDoFilter(ApplicationFilterChain.java:295) [jbossweb-7.5.11.Final-redhat-1.jar:7.5.11.Final-redhat-1]
	at org.apache.catalina.core.ApplicationFilterChain.doFilter(ApplicationFilterChain.java:214) [jbossweb-7.5.11.Final-redhat-1.jar:7.5.11.Final-redhat-1]
	at org.apache.catalina.core.StandardWrapperValve.invoke(StandardWrapperValve.java:231) [jbossweb-7.5.11.Final-redhat-1.jar:7.5.11.Final-redhat-1]
	at org.apache.catalina.core.StandardContextValve.invoke(StandardContextValve.java:149) [jbossweb-7.5.11.Final-redhat-1.jar:7.5.11.Final-redhat-1]
	at org.apache.catalina.authenticator.AuthenticatorBase.invoke(AuthenticatorBase.java:512) [jbossweb-7.5.11.Final-redhat-1.jar:7.5.11.Final-redhat-1]
	at org.jboss.as.web.security.SecurityContextAssociationValve.invoke(SecurityContextAssociationValve.java:169) [jboss-as-web-7.5.4.Final-redhat-4.jar:7.5.4.Final-redhat-4]
	at org.apache.catalina.core.StandardHostValve.invoke(StandardHostValve.java:150) [jbossweb-7.5.11.Final-redhat-1.jar:7.5.11.Final-redhat-1]
	at org.apache.catalina.valves.ErrorReportValve.invoke(ErrorReportValve.java:97) [jbossweb-7.5.11.Final-redhat-1.jar:7.5.11.Final-redhat-1]
	at org.apache.catalina.core.StandardEngineValve.invoke(StandardEngineValve.java:102) [jbossweb-7.5.11.Final-redhat-1.jar:7.5.11.Final-redhat-1]
	at org.apache.catalina.connector.CoyoteAdapter.service(CoyoteAdapter.java:344) [jbossweb-7.5.11.Final-redhat-1.jar:7.5.11.Final-redhat-1]
	at org.apache.coyote.http11.Http11Processor.process(Http11Processor.java:854) [jbossweb-7.5.11.Final-redhat-1.jar:7.5.11.Final-redhat-1]
	at org.apache.coyote.http11.Http11Protocol$Http11ConnectionHandler.process(Http11Protocol.java:653) [jbossweb-7.5.11.Final-redhat-1.jar:7.5.11.Final-redhat-1]
	at org.apache.tomcat.util.net.JIoEndpoint$Worker.run(JIoEndpoint.java:926) [jbossweb-7.5.11.Final-redhat-1.jar:7.5.11.Final-redhat-1]
	at java.lang.Thread.run(Thread.java:745) [rt.jar:1.8.0_40]
{code}",,,
586,TEIID-3895,"If column's name in source (PHYSICAL) model has different name than one in the source (case sensitive) then attribute ""Nullable"" is set to true.

{code:xml}
<vdb name=""test"" version=""1"">
    <model name=""Source"" type=""PHYSICAL"">
        <source name=""rs"" connection-jndi-name=""java:/Redshift"" translator-name=""postgresql""/>
        <metadata type=""DDL"">
            <![CDATA[create foreign table SmallB (
                IntKey integer PRIMARY KEY OPTIONS(NAMEINSOURCE 'intkey', NATIVE_TYPE 'int4')) OPTIONS(NAMEINSOURCE 'smalla');
            ]]>
        </metadata>
    </model>
</vdb>
{code}

result:
{code:xml}
<edmx:Edmx xmlns:edmx=""http://schemas.microsoft.com/ado/2007/06/edmx"" Version=""1.0"">
  <edmx:DataServices xmlns:m=""http://schemas.microsoft.com/ado/2007/08/dataservices/metadata"" m:DataServiceVersion=""2.0"">
    <Schema xmlns=""http://schemas.microsoft.com/ado/2008/09/edm"" Namespace=""Source"">
      <EntityType Name=""SmallB"">
        <Key>
          <PropertyRef Name=""IntKey""/>
        </Key>
        <Property Name=""IntKey"" Type=""Edm.Int32"" Nullable=""true""/>
      </EntityType>
      <EntityContainer Name=""Source"" m:IsDefaultEntityContainer=""false"">
        <EntitySet Name=""SmallB"" EntityType=""Source.SmallB""/>
      </EntityContainer>
    </Schema>
...
{code}",,,
589,TEIID-3533,"Sample query:
{code}
insert into smalla(intKey, byteNum) values(100,100);
insert into smalla(intKey, BIGINTEGERVALUE) values(100,100);
{code}
Exception:
{code}
[org.teiid.CONNECTOR] (Worker9_QueryProcessorQueue59) Connector worker process failed for atomic-request=NuZ8Nt3h1bKx.20.0.13: java.lang.IllegalArgumentException: Conversion from String to java.math.BigDecimal is not supported
	at org.teiid.core.util.StringUtil.valueOf(StringUtil.java:797) [teiid-common-core-8.7.1.6_2-redhat-2.jar:8.7.1.6_2-redhat-2]
	at org.teiid.core.util.PropertiesUtils.setProperty(PropertiesUtils.java:792) [teiid-common-core-8.7.1.6_2-redhat-2.jar:8.7.1.6_2-redhat-2]
	at org.teiid.core.util.PropertiesUtils.setBeanProperty(PropertiesUtils.java:782) [teiid-common-core-8.7.1.6_2-redhat-2.jar:8.7.1.6_2-redhat-2]
	at org.teiid.translator.infinispan.dsl.InfinispanUpdateExecution.handleInsert(InfinispanUpdateExecution.java:204)
{code}

The VDB and the server log is attached.",,,
610,TEIID-3535,"Exception:
{code}
ERROR [org.teiid.CONNECTOR] (Worker12_QueryProcessorQueue194) Connector worker process failed for atomic-request=ziNYENHc9zCz.0.0.33: java.lang.NullPointerException
	at org.teiid.translator.infinispan.dsl.InfinispanUpdateExecution.handleInsert(InfinispanUpdateExecution.java:149)
	at org.teiid.translator.infinispan.dsl.InfinispanUpdateExecution.execute(InfinispanUpdateExecution.java:107)
	at org.teiid.dqp.internal.datamgr.ConnectorWorkItem$1.execute(ConnectorWorkItem.java:358) [teiid-engine-8.7.1.6_2-redhat-1.jar:8.7.1.6_2-redhat-1]
	at org.teiid.dqp.internal.datamgr.ConnectorWorkItem.execute(ConnectorWorkItem.java:325) [teiid-engine-8.7.1.6_2-redhat-1.jar:8.7.1.6_2-redhat-1]
	at org.teiid.dqp.internal.process.DataTierTupleSource.getResults(DataTierTupleSource.java:298) [teiid-engine-8.7.1.6_2-redhat-1.jar:8.7.1.6_2-redhat-1]
	at org.teiid.dqp.internal.process.DataTierTupleSource$1.call(DataTierTupleSource.java:110) [teiid-engine-8.7.1.6_2-redhat-1.jar:8.7.1.6_2-redhat-1]
	at org.teiid.dqp.internal.process.DataTierTupleSource$1.call(DataTierTupleSource.java:107) [teiid-engine-8.7.1.6_2-redhat-1.jar:8.7.1.6_2-redhat-1]
	at java.util.concurrent.FutureTask$Sync.innerRun(FutureTask.java:334) [rt.jar:1.7.0_25]
	at java.util.concurrent.FutureTask.run(FutureTask.java:166) [rt.jar:1.7.0_25]
	at org.teiid.dqp.internal.process.FutureWork.run(FutureWork.java:58) [teiid-engine-8.7.1.6_2-redhat-1.jar:8.7.1.6_2-redhat-1]
	at org.teiid.dqp.internal.process.DQPWorkContext.runInContext(DQPWorkContext.java:274) [teiid-engine-8.7.1.6_2-redhat-1.jar:8.7.1.6_2-redhat-1]
	at org.teiid.dqp.internal.process.ThreadReuseExecutor$RunnableWrapper.run(ThreadReuseExecutor.java:119) [teiid-engine-8.7.1.6_2-redhat-1.jar:8.7.1.6_2-redhat-1]
	at org.teiid.dqp.internal.process.ThreadReuseExecutor$3.run(ThreadReuseExecutor.java:210) [teiid-engine-8.7.1.6_2-redhat-1.jar:8.7.1.6_2-redhat-1]
	at java.util.concurrent.ThreadPoolExecutor.runWorker(ThreadPoolExecutor.java:1145) [rt.jar:1.7.0_25]
	at java.util.concurrent.ThreadPoolExecutor$Worker.run(ThreadPoolExecutor.java:615) [rt.jar:1.7.0_25]
	at java.lang.Thread.run(Thread.java:724) [rt.jar:1.7.0_25]
{code}",,,
631,TEIID-3409,"As [1] it seems PostgreSQLExecutionFactory TranslatorProperty annotation in wrong place.

[1] https://github.com/teiid/teiid/pull/435",,,
632,TEIID-2914,"The advanced searching option (i.e, lucene searching) that is defined in the .rar was not being picked up in the connector.

Also, it was incorrectly defined on the translator, because the translator cannot override how the cache is configured.",,,
642,TEIID-3197,install.sh script fails on RHEL 6.5 system because of older versions of xmllint and coreutils.,,,
643,TEIID-2811,Converting ROWID from byte to VARBINARY causes a metadata error.  Switch to String to accomodate for handling other characters in the RowID.,,,
644,TEIID-3055,"Issuing query: select nss, valor_inicial, valor_final from CacheView.Resumen where valor_inicial > 950.0

produces the following in the query plan:
USER COMMAND:
SELECT nss, valor_inicial, valor_final FROM CacheView.Resumen WHERE nss > '950.0'

request=/1MuNPfoG76j.0.0.5: org.hibernate.search.SearchException: Cannot create numeric range query for field saldo.valorInicial, since values are not numeric (int,long, short or double) 
	at org.hibernate.search.bridge.util.impl.NumericFieldUtils.createNumericRangeQuery(NumericFieldUtils.java:69)
	at org.hibernate.search.query.dsl.impl.ConnectedMultiFieldsRangeQueryBuilder.createQuery(ConnectedMultiFieldsRangeQueryBuilder.java:107)
	at org.hibernate.search.query.dsl.impl.ConnectedMultiFieldsRangeQueryBuilder.createQuery(ConnectedMultiFieldsRangeQueryBuilder.java:83)
	at org.teiid.translator.object.infinispan.LuceneSearch.createRangeAboveQuery(LuceneSearch.java:349)
	at org.teiid.translator.object.infinispan.LuceneSearch.visit(LuceneSearch.java:217)
	at org.teiid.translator.object.infinispan.LuceneSearch.buildQueryFromWhereClause(LuceneSearch.java:145)
	at org.teiid.translator.object.infinispan.LuceneSearch.performSearch(LuceneSearch.java:66)
	at org.teiid.translator.object.infinispan.InfinispanExecutionFactory.search(InfinispanExecutionFactory.java:119)
	at org.teiid.translator.object.ObjectExecution.execute(ObjectExecution.java:102)
	at org.teiid.dqp.internal.datamgr.ConnectorWorkItem.execute(ConnectorWorkItem.java:312) [te",,,
648,TEIID-3054,"The Infinispan translators where lucene index querying can be performed (i.e., infinispan-cache and infinispan-cache-dsl) do not support negation ("">"" or ""<"") properly.",,,
652,TEIID-3000,Changed to add Common Options when constraints are written,,,
654,TEIID-3012,"Issuing either query:

SELECT c.jcr_name FROM relational_table AS t, relational_column AS c WHERE JCR.JCR_ISCHILDNODE(c.jcr_path, t.jcr_path)

 SELECT c.jcr_name FROM relational_table AS t JOIN relational_column AS c ON JCR.JCR_ISCHILDNODE(c.jcr_path,t.jcr_path)

produces the following exception:

Caused by: javax.jcr.query.InvalidQueryException: The JCR-SQL2 query ""SELECT g_1.""jcr:name"", g_1.""jcr:path"" FROM ""relational:table"" AS g_0, ""relational:column"" AS g_1 WHERE ISCHILDNODE(g_1, g_0)"" is not well-formed: Unexpected token ',' at line 1, column 66
	at org.modeshape.jcr.JcrQueryManager.createQuery(JcrQueryManager.java:146)
	at org.modeshape.jcr.JcrQueryManager.createQuery(JcrQueryManager.java:101)
	at org.modeshape.jdbc.delegate.LocalRepositoryDelegate.execute(LocalRepositoryDelegate.java:139)
	at org.modeshape.jdbc.JcrStatement.execute(JcrStatement.java:429)
	... 15 more

And after a discussion with Randall, it seems ModeShape needs JOIN in the syntax, and not ','  to join the tables.",,,
657,TEIID-4215,The error messages in i18n.properties have a few typos that are visible to end-users.  We should clean that up.,,,
658,TEIID-3408,Update the quoickstarts that still refer to using user security .properties and user roles files.,,,
667,TEIID-2799,"The infinispan implementation of the object translator getMetadata is not defining the primary key.  If the resource-adapter has defined it, it should expose it.   This key is important for push-down capability.   The user could define this after the fact (i.e, in dynamic vdb or in designer), but from a usability stand point, it would be better if the translator exposed it.",,,
672,TEIID-2486,"The following command doesn't support the ""name"" attribute:
/subsystem=threads/bounded-queue-thread-pool=teiid-async:add(name=teiid-async, max-threads=4, queue-length=100)

This is the same issue seen in the domain script.  So the command should be changed to be:
/subsystem=threads/bounded-queue-thread-pool=teiid-async:add(max-threads=4, queue-length=100)",,,
673,TEIID-3277,"The negative action wasn't added to the execution factory to not enable the supports option, only true option was considered.  Simple fix to add check for false and not enable option.
",,,
