,issue_id,commit_id
409,JBTM-2516,243
410,JBTM-2516,244
411,JBTM-2516,245
412,JBTM-2516,246
413,JBTM-2516,247
414,JBTM-2516,248
415,JBTM-2516,249
416,JBTM-2516,250
417,JBTM-2516,251
418,JBTM-2516,252
419,JBTM-2516,253
420,JBTM-2516,254
421,JBTM-2516,255
422,JBTM-2516,256
423,JBTM-2516,257
424,JBTM-2516,258
425,JBTM-2516,259
426,JBTM-2516,260
427,JBTM-2516,261
428,JBTM-2516,262
429,JBTM-2516,263
430,JBTM-2516,264
431,JBTM-2516,265
432,JBTM-2516,266
433,JBTM-2516,267
434,JBTM-2516,268
435,JBTM-2516,269
436,JBTM-2516,270
437,JBTM-2516,271
438,JBTM-2516,272
439,JBTM-2516,273
440,JBTM-2516,274
441,JBTM-2516,275
442,JBTM-2516,276
443,JBTM-2516,277
444,JBTM-2516,278
445,JBTM-2516,279
446,JBTM-2516,280
447,JBTM-2516,281
448,JBTM-2516,282
449,JBTM-2516,283
450,JBTM-2516,284
451,JBTM-2516,285
452,JBTM-2516,286
453,JBTM-2514,287
454,JBTM-2514,288
455,JBTM-2514,289
462,JBTM-2514,290
463,JBTM-2514,291
466,JBTM-2509,237
467,JBTM-2507,293
468,JBTM-2507,105
469,JBTM-2506,294
470,JBTM-2506,295
471,JBTM-2506,296
472,JBTM-2503,241
473,JBTM-2503,297
474,JBTM-2503,298
475,JBTM-2502,299
476,JBTM-2501,299
477,JBTM-2501,300
478,JBTM-2501,301
479,JBTM-2501,302
480,JBTM-2501,303
481,JBTM-2501,304
482,JBTM-2501,305
483,JBTM-2501,306
484,JBTM-2501,307
485,JBTM-2501,308
486,JBTM-2501,309
487,JBTM-2501,310
488,JBTM-2501,311
489,JBTM-2494,292
490,JBTM-2488,312
491,JBTM-2488,313
492,JBTM-2488,314
493,JBTM-2488,315
494,JBTM-2488,316
495,JBTM-2488,317
496,JBTM-2488,318
497,JBTM-2488,319
498,JBTM-2488,320
499,JBTM-2487,142
500,JBTM-2486,142
501,JBTM-2468,321
502,JBTM-2468,322
503,JBTM-2468,323
504,JBTM-2468,324
505,JBTM-2467,292
506,JBTM-2467,325
507,JBTM-2467,326
508,JBTM-2467,327
509,JBTM-2467,237
510,JBTM-2466,322
511,JBTM-2466,328
512,JBTM-2466,292
513,JBTM-2466,329
514,JBTM-2466,330
515,JBTM-2466,331
516,JBTM-2460,332
517,JBTM-2460,64
518,JBTM-2460,333
519,JBTM-2460,7
520,JBTM-2460,334
521,JBTM-2460,240
522,JBTM-2456,335
523,JBTM-2456,336
524,JBTM-2456,337
525,JBTM-2456,338
526,JBTM-2456,339
527,JBTM-2456,340
528,JBTM-2456,341
529,JBTM-2456,342
530,JBTM-2456,343
531,JBTM-2456,344
532,JBTM-2456,345
533,JBTM-2456,346
534,JBTM-2456,347
535,JBTM-2456,348
536,JBTM-2456,349
537,JBTM-2456,350
538,JBTM-2456,351
539,JBTM-2456,352
540,JBTM-2456,353
541,JBTM-2456,354
542,JBTM-2456,355
543,JBTM-2456,356
544,JBTM-2456,357
545,JBTM-2456,358
546,JBTM-2456,359
547,JBTM-2456,360
548,JBTM-2455,361
549,JBTM-2452,362
550,JBTM-2451,363
551,JBTM-2451,364
556,JBTM-2444,367
557,JBTM-2444,368
558,JBTM-2437,369
559,JBTM-2437,240
560,JBTM-2434,370
561,JBTM-2434,371
562,JBTM-2434,372
563,JBTM-2434,373
564,JBTM-2431,374
565,JBTM-2427,375
566,JBTM-2427,376
567,JBTM-2427,241
568,JBTM-2426,377
569,JBTM-2423,378
570,JBTM-2423,379
571,JBTM-2423,380
572,JBTM-2423,381
573,JBTM-2423,382
574,JBTM-2423,383
575,JBTM-2423,384
576,JBTM-2423,385
577,JBTM-2423,386
578,JBTM-2423,240
579,JBTM-2420,376
580,JBTM-2418,387
581,JBTM-2418,64
582,JBTM-2418,105
583,JBTM-2413,105
584,JBTM-2404,379
585,JBTM-2404,383
586,JBTM-2404,385
587,JBTM-2404,388
588,JBTM-2395,389
589,JBTM-2395,390
590,JBTM-2395,391
591,JBTM-2395,392
592,JBTM-2395,393
593,JBTM-2395,394
594,JBTM-2395,395
595,JBTM-2395,396
596,JBTM-2395,397
597,JBTM-2395,398
598,JBTM-2395,399
599,JBTM-2395,151
600,JBTM-2395,152
601,JBTM-2395,400
602,JBTM-2395,401
603,JBTM-2395,402
604,JBTM-2395,403
605,JBTM-2395,153
606,JBTM-2395,404
607,JBTM-2395,405
608,JBTM-2395,154
609,JBTM-2395,155
610,JBTM-2395,156
611,JBTM-2395,157
612,JBTM-2395,406
613,JBTM-2395,407
614,JBTM-2395,408
615,JBTM-2395,158
616,JBTM-2395,409
617,JBTM-2395,159
618,JBTM-2395,410
619,JBTM-2395,411
620,JBTM-2395,412
621,JBTM-2395,413
622,JBTM-2395,414
623,JBTM-2395,415
624,JBTM-2395,416
625,JBTM-2395,417
626,JBTM-2395,418
627,JBTM-2395,419
628,JBTM-2395,420
629,JBTM-2395,421
630,JBTM-2395,422
631,JBTM-2395,423
632,JBTM-2395,424
633,JBTM-2395,425
634,JBTM-2395,426
635,JBTM-2395,141
636,JBTM-2395,427
637,JBTM-2395,428
638,JBTM-2395,429
639,JBTM-2395,430
640,JBTM-2395,431
641,JBTM-2395,432
642,JBTM-2395,433
643,JBTM-2395,160
644,JBTM-2395,434
645,JBTM-2395,161
646,JBTM-2395,33
647,JBTM-2395,162
648,JBTM-2395,163
649,JBTM-2395,164
650,JBTM-2395,435
651,JBTM-2395,165
652,JBTM-2395,436
653,JBTM-2395,437
654,JBTM-2395,438
655,JBTM-2395,439
656,JBTM-2395,440
657,JBTM-2395,441
658,JBTM-2395,442
659,JBTM-2395,443
660,JBTM-2395,444
661,JBTM-2395,445
662,JBTM-2395,446
663,JBTM-2395,447
664,JBTM-2395,448
665,JBTM-2395,449
666,JBTM-2395,377
667,JBTM-2395,450
668,JBTM-2395,451
669,JBTM-2395,452
670,JBTM-2395,453
671,JBTM-2395,454
672,JBTM-2395,455
673,JBTM-2395,456
674,JBTM-2395,457
675,JBTM-2395,458
676,JBTM-2395,459
677,JBTM-2395,276
678,JBTM-2395,460
679,JBTM-2395,461
680,JBTM-2395,462
681,JBTM-2395,463
682,JBTM-2395,464
683,JBTM-2395,465
684,JBTM-2395,466
685,JBTM-2395,467
686,JBTM-2395,468
687,JBTM-2395,469
688,JBTM-2395,470
689,JBTM-2395,471
690,JBTM-2395,472
691,JBTM-2395,473
692,JBTM-2395,474
693,JBTM-2395,361
694,JBTM-2395,475
695,JBTM-2395,315
696,JBTM-2395,317
697,JBTM-2395,240
698,JBTM-2385,476
699,JBTM-2385,387
700,JBTM-2385,64
701,JBTM-2382,477
702,JBTM-2382,478
704,JBTM-2376,479
705,JBTM-2376,480
706,JBTM-2376,481
707,JBTM-2368,482
708,JBTM-2363,483
709,JBTM-2362,484
710,JBTM-2362,485
711,JBTM-2362,486
712,JBTM-2362,487
713,JBTM-2362,488
714,JBTM-2362,489
715,JBTM-2362,490
716,JBTM-2362,491
717,JBTM-2356,492
718,JBTM-2356,493
719,JBTM-2356,494
720,JBTM-2356,484
721,JBTM-2356,485
722,JBTM-2356,486
723,JBTM-2356,487
724,JBTM-2356,488
725,JBTM-2356,489
726,JBTM-2356,490
727,JBTM-2356,491
728,JBTM-2353,24
729,JBTM-2353,55
730,JBTM-2353,70
731,JBTM-2353,62
732,JBTM-2353,495
733,JBTM-2353,496
734,JBTM-2350,370
735,JBTM-2350,497
736,JBTM-2350,498
737,JBTM-2350,499
738,JBTM-2350,500
739,JBTM-2350,501
740,JBTM-2350,502
741,JBTM-2350,503
742,JBTM-2350,504
743,JBTM-2350,505
744,JBTM-2350,506
745,JBTM-2349,76
746,JBTM-2349,68
747,JBTM-2349,507
748,JBTM-2349,508
749,JBTM-2349,509
750,JBTM-2346,510
751,JBTM-2336,93
752,JBTM-2333,511
753,JBTM-2333,512
754,JBTM-2333,513
755,JBTM-2333,369
756,JBTM-2333,242
757,JBTM-2333,514
758,JBTM-2333,515
759,JBTM-2331,93
760,JBTM-2331,516
761,JBTM-2331,97
762,JBTM-2331,517
763,JBTM-2331,89
768,JBTM-2331,98
771,JBTM-2327,234
772,JBTM-2327,240
773,JBTM-2317,518
774,JBTM-2315,519
775,JBTM-2314,444
776,JBTM-2314,520
777,JBTM-2314,521
778,JBTM-2314,240
779,JBTM-2312,413
780,JBTM-2312,144
781,JBTM-2312,522
782,JBTM-2312,523
783,JBTM-2309,302
784,JBTM-2309,524
785,JBTM-2309,525
786,JBTM-2309,303
787,JBTM-2309,526
788,JBTM-2309,527
789,JBTM-2309,304
790,JBTM-2309,480
793,JBTM-2309,528
794,JBTM-2309,529
795,JBTM-2304,530
796,JBTM-2303,531
797,JBTM-2301,531
798,JBTM-2294,532
799,JBTM-2294,533
800,JBTM-2294,534
801,JBTM-2291,156
802,JBTM-2291,159
803,JBTM-2291,164
805,JBTM-2290,535
806,JBTM-2290,536
807,JBTM-2289,97
808,JBTM-2289,537
809,JBTM-2289,538
810,JBTM-2289,539
811,JBTM-2289,540
812,JBTM-2289,95
813,JBTM-2283,156
814,JBTM-2283,166
815,JBTM-2283,164
816,JBTM-2277,105
817,JBTM-2276,234
818,JBTM-2276,240
819,JBTM-2274,541
820,JBTM-2274,542
821,JBTM-2274,543
822,JBTM-2274,544
823,JBTM-2274,545
824,JBTM-2274,546
825,JBTM-2274,383
826,JBTM-2274,547
827,JBTM-2274,548
828,JBTM-2274,549
829,JBTM-2274,550
830,JBTM-2274,551
831,JBTM-2274,552
832,JBTM-2274,530
833,JBTM-2272,553
834,JBTM-2271,166
835,JBTM-2268,108
836,JBTM-2265,554
837,JBTM-2263,555
838,JBTM-2256,556
839,JBTM-2256,557
840,JBTM-2255,558
841,JBTM-2255,559
842,JBTM-2255,560
843,JBTM-2251,105
844,JBTM-2249,234
845,JBTM-2249,240
846,JBTM-2244,561
847,JBTM-2242,413
848,JBTM-2242,562
849,JBTM-2242,563
850,JBTM-2241,413
851,JBTM-2240,241
852,JBTM-2240,564
853,JBTM-2240,234
854,JBTM-2240,565
855,JBTM-2240,235
856,JBTM-2240,566
857,JBTM-2240,242
858,JBTM-2240,567
859,JBTM-2240,568
860,JBTM-2240,240
861,JBTM-2238,569
862,JBTM-2238,151
863,JBTM-2238,153
864,JBTM-2238,156
865,JBTM-2238,570
866,JBTM-2238,556
867,JBTM-2238,571
868,JBTM-2238,572
869,JBTM-2238,414
870,JBTM-2238,415
871,JBTM-2238,416
872,JBTM-2238,417
873,JBTM-2238,418
874,JBTM-2238,419
875,JBTM-2238,420
876,JBTM-2238,422
877,JBTM-2238,423
878,JBTM-2238,424
879,JBTM-2238,144
880,JBTM-2238,561
881,JBTM-2238,573
882,JBTM-2238,574
883,JBTM-2238,575
884,JBTM-2238,510
885,JBTM-2229,166
886,JBTM-2229,576
887,JBTM-2229,577
888,JBTM-2229,578
889,JBTM-2229,579
890,JBTM-2229,580
891,JBTM-2229,581
892,JBTM-2229,574
893,JBTM-2229,582
894,JBTM-2226,583
895,JBTM-2218,283
896,JBTM-2218,68
897,JBTM-2217,584
898,JBTM-2217,585
899,JBTM-2217,586
900,JBTM-2217,587
901,JBTM-2217,588
902,JBTM-2217,589
903,JBTM-2217,590
904,JBTM-2205,591
905,JBTM-2205,302
906,JBTM-2205,524
907,JBTM-2205,592
908,JBTM-2205,525
909,JBTM-2205,593
910,JBTM-2205,526
911,JBTM-2205,594
912,JBTM-2205,527
913,JBTM-2205,595
914,JBTM-2205,596
915,JBTM-2201,597
916,JBTM-2198,536
917,JBTM-2198,105
918,JBTM-2198,598
919,JBTM-2198,141
920,JBTM-2198,599
921,JBTM-2198,600
922,JBTM-2198,601
923,JBTM-2198,241
924,JBTM-2198,602
925,JBTM-2198,603
926,JBTM-2198,604
927,JBTM-2198,605
928,JBTM-2198,564
929,JBTM-2198,606
930,JBTM-2198,607
931,JBTM-2198,608
932,JBTM-2198,609
933,JBTM-2198,610
934,JBTM-2198,611
935,JBTM-2198,612
936,JBTM-2198,240
937,JBTM-2198,613
938,JBTM-2198,484
939,JBTM-2198,614
941,JBTM-2198,584
942,JBTM-2198,477
943,JBTM-2193,81
944,JBTM-2188,615
945,JBTM-2187,616
946,JBTM-2181,617
947,JBTM-2178,618
948,JBTM-2171,156
949,JBTM-2171,619
950,JBTM-2170,388
951,JBTM-2167,142
952,JBTM-2166,334
953,JBTM-2165,572
954,JBTM-2164,105
955,JBTM-2162,620
956,JBTM-2160,621
957,JBTM-2160,456
958,JBTM-2160,622
959,JBTM-2155,536
960,JBTM-2149,294
961,JBTM-2149,623
962,JBTM-2149,624
963,JBTM-2149,295
964,JBTM-2149,296
965,JBTM-2149,625
966,JBTM-2149,626
967,JBTM-2149,627
968,JBTM-2149,362
969,JBTM-2147,537
970,JBTM-2147,103
971,JBTM-2147,628
972,JBTM-2144,629
973,JBTM-2144,630
974,JBTM-2144,369
975,JBTM-2144,605
976,JBTM-2144,607
977,JBTM-2144,609
978,JBTM-2140,631
979,JBTM-2140,483
980,JBTM-2140,632
981,JBTM-2133,633
982,JBTM-2132,166
983,JBTM-2132,143
984,JBTM-2132,576
985,JBTM-2132,620
986,JBTM-2132,572
987,JBTM-2131,634
988,JBTM-2130,635
989,JBTM-2125,362
990,JBTM-2123,369
991,JBTM-2114,395
992,JBTM-2108,479
993,JBTM-2108,480
994,JBTM-2108,299
995,JBTM-2108,300
996,JBTM-2108,301
997,JBTM-2108,303
998,JBTM-2108,304
999,JBTM-2108,305
1000,JBTM-2108,306
1001,JBTM-2106,479
1002,JBTM-2106,480
1003,JBTM-2106,299
1004,JBTM-2106,300
1005,JBTM-2106,301
1006,JBTM-2106,303
1007,JBTM-2106,304
1008,JBTM-2106,305
1009,JBTM-2106,306
1010,JBTM-2105,395
1011,JBTM-2102,636
1012,JBTM-2101,637
1013,JBTM-2094,636
1014,JBTM-2093,629
1015,JBTM-2093,630
1016,JBTM-2093,638
1017,JBTM-2090,639
1018,JBTM-2086,607
1019,JBTM-2086,640
1020,JBTM-2086,641
1021,JBTM-2086,642
1022,JBTM-2086,643
1023,JBTM-2086,644
1024,JBTM-2086,645
1025,JBTM-2086,646
1026,JBTM-2086,647
1027,JBTM-2086,648
1028,JBTM-2086,649
1029,JBTM-2086,650
1030,JBTM-2086,651
1031,JBTM-2086,652
1032,JBTM-2086,653
1033,JBTM-2086,654
1034,JBTM-2086,655
1035,JBTM-2086,656
1036,JBTM-2086,657
1037,JBTM-2086,658
1038,JBTM-2086,659
1039,JBTM-2086,660
1040,JBTM-2086,661
1041,JBTM-2086,662
1042,JBTM-2086,663
1043,JBTM-2086,664
1044,JBTM-2086,665
1045,JBTM-2086,666
1046,JBTM-2086,667
1047,JBTM-2086,668
1048,JBTM-2086,669
1049,JBTM-2086,670
1050,JBTM-2086,671
1051,JBTM-2086,672
1052,JBTM-2085,105
1053,JBTM-2082,673
1054,JBTM-2082,674
1055,JBTM-2082,675
1056,JBTM-2082,19
1057,JBTM-2082,36
1058,JBTM-2082,50
1059,JBTM-2082,28
1060,JBTM-2077,140
1061,JBTM-2077,676
1062,JBTM-2077,613
1063,JBTM-2075,677
1064,JBTM-2065,678
1065,JBTM-2062,679
1066,JBTM-2062,680
1067,JBTM-2062,681
1068,JBTM-2062,58
1069,JBTM-2062,48
1070,JBTM-2062,682
1071,JBTM-2062,47
1073,JBTM-2045,643
1074,JBTM-2045,644
1075,JBTM-2045,645
1076,JBTM-2045,646
1077,JBTM-2045,652
1078,JBTM-2045,658
1079,JBTM-2045,659
1080,JBTM-2045,670
1081,JBTM-2043,683
1082,JBTM-2041,684
1083,JBTM-2038,240
1084,JBTM-2038,105
1085,JBTM-2035,240
1086,JBTM-2035,108
1087,JBTM-2035,105
1088,JBTM-2032,240
1089,JBTM-2031,685
1090,JBTM-2031,317
1091,JBTM-2029,686
1092,JBTM-2028,687
1093,JBTM-2028,370
1094,JBTM-2027,370
1095,JBTM-2027,688
1096,JBTM-2027,689
1097,JBTM-2027,373
1098,JBTM-2021,677
1099,JBTM-2020,690
1100,JBTM-2020,691
1101,JBTM-2019,692
1102,JBTM-2019,317
1103,JBTM-2018,60
1104,JBTM-2018,693
1105,JBTM-2018,694
1106,JBTM-2018,695
1107,JBTM-2017,590
1108,JBTM-2012,390
1109,JBTM-2012,156
1110,JBTM-2012,159
1111,JBTM-2016,696
1112,JBTM-2009,593
1113,JBTM-2009,595
1114,JBTM-2009,596
1115,JBTM-2008,697
1116,JBTM-2008,698
1117,JBTM-2008,699
1118,JBTM-2008,700
1119,JBTM-2004,306
1120,JBTM-2004,701
1121,JBTM-2003,306
1122,JBTM-2003,701
1123,JBTM-2001,702
1124,JBTM-2001,52
1125,JBTM-2001,80
1126,JBTM-1999,703
1127,JBTM-1999,627
1128,JBTM-1999,362
1129,JBTM-1998,480
1130,JBTM-1989,704
1131,JBTM-1989,705
1132,JBTM-1987,617
1133,JBTM-1985,706
1134,JBTM-1983,687
1135,JBTM-1983,707
1136,JBTM-1983,708
1137,JBTM-1983,709
1138,JBTM-1983,686
1139,JBTM-1980,710
1140,JBTM-1980,711
1141,JBTM-1980,590
1142,JBTM-1980,712
1143,JBTM-1979,490
1144,JBTM-1978,713
1145,JBTM-1978,714
1146,JBTM-1978,715
1147,JBTM-1978,716
1148,JBTM-1978,717
1149,JBTM-1978,718
1150,JBTM-1978,719
1151,JBTM-1978,720
1152,JBTM-1978,721
1153,JBTM-1978,722
1154,JBTM-1978,723
1155,JBTM-1978,724
1156,JBTM-1978,173
1157,JBTM-1978,636
1158,JBTM-1975,150
1159,JBTM-1970,598
1160,JBTM-1970,89
1161,JBTM-1970,141
1162,JBTM-1970,725
1163,JBTM-1970,726
1164,JBTM-1970,599
1165,JBTM-1970,727
1166,JBTM-1970,728
1167,JBTM-1970,729
1168,JBTM-1970,730
1169,JBTM-1970,731
1170,JBTM-1970,732
1171,JBTM-1970,332
1172,JBTM-1970,91
1173,JBTM-1970,379
1174,JBTM-1970,733
1175,JBTM-1970,734
1176,JBTM-1970,240
1182,JBTM-1970,361
1183,JBTM-1963,735
1184,JBTM-1963,736
1185,JBTM-1963,737
1186,JBTM-1963,738
1187,JBTM-1963,739
1188,JBTM-1961,740
1189,JBTM-1961,706
1190,JBTM-1961,741
1191,JBTM-1961,742
1192,JBTM-1961,241
1193,JBTM-1961,743
1194,JBTM-1961,744
1195,JBTM-1960,140
1196,JBTM-1960,745
1197,JBTM-1960,411
1198,JBTM-1960,746
1199,JBTM-1960,747
1200,JBTM-1960,598
1201,JBTM-1960,748
1202,JBTM-1960,141
1203,JBTM-1960,428
1204,JBTM-1960,749
1205,JBTM-1960,599
1206,JBTM-1960,750
1207,JBTM-1960,751
1208,JBTM-1960,378
1209,JBTM-1960,332
1210,JBTM-1960,379
1211,JBTM-1960,383
1212,JBTM-1960,443
1213,JBTM-1960,444
1214,JBTM-1960,385
1215,JBTM-1960,334
1216,JBTM-1960,752
1217,JBTM-1960,753
1218,JBTM-1960,754
1219,JBTM-1960,755
1220,JBTM-1960,756
1221,JBTM-1960,757
1222,JBTM-1960,758
1223,JBTM-1960,759
1224,JBTM-1960,760
1225,JBTM-1960,461
1226,JBTM-1960,761
1227,JBTM-1960,762
1228,JBTM-1960,293
1229,JBTM-1960,763
1230,JBTM-1960,600
1231,JBTM-1960,764
1232,JBTM-1960,765
1233,JBTM-1960,766
1234,JBTM-1960,767
1235,JBTM-1960,768
1236,JBTM-1960,629
1237,JBTM-1960,601
1238,JBTM-1960,740
1239,JBTM-1960,106
1240,JBTM-1960,375
1241,JBTM-1960,769
1242,JBTM-1960,770
1243,JBTM-1960,771
1244,JBTM-1960,772
1245,JBTM-1960,773
1246,JBTM-1960,774
1247,JBTM-1960,775
1248,JBTM-1960,776
1249,JBTM-1960,777
1250,JBTM-1960,778
1251,JBTM-1960,779
1252,JBTM-1960,780
1253,JBTM-1960,376
1254,JBTM-1960,781
1255,JBTM-1960,782
1256,JBTM-1960,741
1257,JBTM-1960,783
1258,JBTM-1960,784
1259,JBTM-1960,785
1260,JBTM-1960,786
1261,JBTM-1960,241
1262,JBTM-1960,787
1263,JBTM-1960,788
1264,JBTM-1960,789
1265,JBTM-1960,790
1266,JBTM-1960,791
1267,JBTM-1960,792
1268,JBTM-1960,793
1269,JBTM-1960,794
1270,JBTM-1960,795
1271,JBTM-1960,796
1272,JBTM-1960,797
1273,JBTM-1960,798
1274,JBTM-1960,676
1275,JBTM-1960,799
1276,JBTM-1960,800
1277,JBTM-1960,361
1278,JBTM-1960,240
1279,JBTM-1960,107
1280,JBTM-1960,238
1281,JBTM-1960,108
1282,JBTM-1960,388
1283,JBTM-1960,801
1284,JBTM-1960,802
1285,JBTM-1960,530
1286,JBTM-1960,803
1287,JBTM-1960,613
1288,JBTM-1960,484
1289,JBTM-1960,804
1290,JBTM-1960,805
1291,JBTM-1960,806
1292,JBTM-1960,614
1293,JBTM-1960,807
1294,JBTM-1960,808
1295,JBTM-1960,584
1296,JBTM-1960,477
1297,JBTM-1960,640
1298,JBTM-1960,642
1299,JBTM-1960,644
1300,JBTM-1960,657
1301,JBTM-1960,659
1302,JBTM-1960,660
1303,JBTM-1960,672
1304,JBTM-1959,413
1305,JBTM-1958,809
1306,JBTM-1958,810
1307,JBTM-1958,811
1308,JBTM-1958,812
1309,JBTM-1958,813
1310,JBTM-1958,814
1311,JBTM-1958,815
1312,JBTM-1958,816
1313,JBTM-1958,817
1314,JBTM-1958,818
1315,JBTM-1958,819
1316,JBTM-1958,698
1317,JBTM-1958,820
1318,JBTM-1958,821
1319,JBTM-1958,822
1320,JBTM-1958,823
1321,JBTM-1958,824
1322,JBTM-1958,825
1323,JBTM-1958,826
1324,JBTM-1958,827
1325,JBTM-1958,828
1326,JBTM-1950,315
1327,JBTM-1950,692
1328,JBTM-1941,289
1329,JBTM-1941,829
1330,JBTM-1941,830
1331,JBTM-1941,381
1332,JBTM-1941,384
1333,JBTM-1941,831
1334,JBTM-1941,832
1335,JBTM-1941,833
1336,JBTM-1941,834
1337,JBTM-1938,835
1338,JBTM-1936,598
1339,JBTM-1936,599
1340,JBTM-1936,600
1341,JBTM-1936,240
1342,JBTM-1936,613
1343,JBTM-1936,484
1344,JBTM-1936,614
1345,JBTM-1936,584
1346,JBTM-1936,477
1347,JBTM-1934,836
1348,JBTM-1931,731
1349,JBTM-1924,536
1369,JBTM-1921,618
1370,JBTM-1920,483
1371,JBTM-1920,315
1372,JBTM-1919,849
1373,JBTM-1914,703
1374,JBTM-1914,627
1375,JBTM-1914,362
1376,JBTM-1911,850
1377,JBTM-1896,370
1378,JBTM-1895,613
1379,JBTM-1890,124
1380,JBTM-1889,68
1381,JBTM-1902,411
1382,JBTM-1902,428
1383,JBTM-1902,332
1384,JBTM-1902,443
1385,JBTM-1902,444
1386,JBTM-1902,461
1387,JBTM-1887,703
1388,JBTM-1887,627
1389,JBTM-1886,536
1390,JBTM-1886,105
1391,JBTM-1885,677
1392,JBTM-1884,839
1393,JBTM-1882,693
1394,JBTM-1882,851
1395,JBTM-1879,396
1396,JBTM-1879,142
1397,JBTM-1879,835
1398,JBTM-1879,852
1399,JBTM-1879,853
1400,JBTM-1879,854
1401,JBTM-1879,855
1402,JBTM-1879,856
1403,JBTM-1879,857
1404,JBTM-1879,858
1405,JBTM-1879,859
1406,JBTM-1867,860
1407,JBTM-1867,239
1408,JBTM-1867,91
1431,JBTM-1851,240
1432,JBTM-1844,882
1433,JBTM-1844,167
1434,JBTM-1844,177
1435,JBTM-1844,197
1436,JBTM-1844,636
1437,JBTM-1842,882
1438,JBTM-1842,167
1439,JBTM-1842,177
1440,JBTM-1842,197
1441,JBTM-1842,636
1442,JBTM-1839,240
1443,JBTM-1839,241
1444,JBTM-1835,883
1445,JBTM-1835,884
1446,JBTM-1833,882
1447,JBTM-1833,167
1448,JBTM-1833,177
1449,JBTM-1833,197
1450,JBTM-1833,636
1451,JBTM-1830,885
1452,JBTM-1829,886
1453,JBTM-1828,240
1454,JBTM-1822,887
1455,JBTM-1819,105
1456,JBTM-1818,888
1457,JBTM-1818,34
1458,JBTM-1818,886
1459,JBTM-1810,413
1460,JBTM-1807,889
1461,JBTM-1803,598
1463,JBTM-1803,890
1464,JBTM-1803,477
1465,JBTM-1803,891
1466,JBTM-1803,892
1467,JBTM-1803,66
1468,JBTM-1803,893
1469,JBTM-1803,894
1470,JBTM-1803,895
1471,JBTM-1803,896
1472,JBTM-1803,65
1473,JBTM-1803,10
1474,JBTM-1803,15
1476,JBTM-1803,897
1477,JBTM-1803,702
1478,JBTM-1803,27
1479,JBTM-1803,52
1480,JBTM-1803,67
1481,JBTM-1803,80
1482,JBTM-1803,851
1483,JBTM-1793,898
1484,JBTM-1793,373
1485,JBTM-1791,899
1486,JBTM-1790,116
1487,JBTM-1790,144
1488,JBTM-1790,900
1489,JBTM-1790,901
1490,JBTM-1790,902
1491,JBTM-1787,903
1492,JBTM-1787,904
1493,JBTM-1786,89
1494,JBTM-1786,905
1495,JBTM-1786,91
1496,JBTM-1786,906
1497,JBTM-1783,907
1498,JBTM-1783,240
1499,JBTM-1780,883
1500,JBTM-1779,908
1501,JBTM-1779,909
1502,JBTM-1779,910
1503,JBTM-1779,911
1504,JBTM-1779,912
1505,JBTM-1779,913
1506,JBTM-1779,914
1507,JBTM-1779,915
1508,JBTM-1779,916
1509,JBTM-1779,917
1510,JBTM-1779,918
1511,JBTM-1779,73
1512,JBTM-1779,919
1513,JBTM-1779,920
1514,JBTM-1779,921
1515,JBTM-1779,922
1516,JBTM-1779,923
1517,JBTM-1779,891
1518,JBTM-1779,924
1519,JBTM-1779,925
1520,JBTM-1779,926
1521,JBTM-1779,889
1522,JBTM-1779,927
1523,JBTM-1779,928
1524,JBTM-1779,929
1525,JBTM-1779,894
1526,JBTM-1779,895
1527,JBTM-1779,896
1528,JBTM-1779,930
1529,JBTM-1779,931
1530,JBTM-1779,932
1531,JBTM-1779,933
1532,JBTM-1779,10
1533,JBTM-1779,65
1534,JBTM-1779,1
1536,JBTM-1779,78
1537,JBTM-1779,15
1541,JBTM-1779,934
1542,JBTM-1779,935
1543,JBTM-1779,936
1544,JBTM-1779,937
1545,JBTM-1768,938
1546,JBTM-1767,939
1547,JBTM-1767,940
1548,JBTM-1767,691
1549,JBTM-1765,799
1550,JBTM-1765,240
1551,JBTM-1764,939
1552,JBTM-1764,884
1553,JBTM-1764,941
1554,JBTM-1764,942
1555,JBTM-1764,691
1556,JBTM-1751,943
1557,JBTM-1751,849
1558,JBTM-1751,944
1559,JBTM-1751,945
1560,JBTM-1751,946
1561,JBTM-1748,105
1562,JBTM-1747,947
1563,JBTM-1740,948
1564,JBTM-1740,949
1565,JBTM-1740,950
1566,JBTM-1740,951
1567,JBTM-1734,952
1568,JBTM-1734,953
1569,JBTM-1734,954
1570,JBTM-1733,955
1571,JBTM-1733,956
1572,JBTM-1730,598
1574,JBTM-1730,890
1575,JBTM-1730,477
1576,JBTM-1730,891
1577,JBTM-1730,892
1578,JBTM-1730,66
1579,JBTM-1730,893
1580,JBTM-1730,894
1581,JBTM-1730,895
1582,JBTM-1730,896
1583,JBTM-1730,65
1584,JBTM-1730,10
1585,JBTM-1730,15
1587,JBTM-1730,897
1588,JBTM-1730,702
1589,JBTM-1730,27
1590,JBTM-1730,52
1591,JBTM-1730,67
1592,JBTM-1730,80
1593,JBTM-1730,851
1594,JBTM-1727,957
1595,JBTM-1723,958
1596,JBTM-1723,959
1597,JBTM-1723,960
1598,JBTM-1723,961
1639,JBTM-1711,74
1640,JBTM-1711,76
1641,JBTM-1711,55
1642,JBTM-1711,70
1643,JBTM-1711,62
1644,JBTM-1711,68
1645,JBTM-1711,986
1646,JBTM-1711,987
1647,JBTM-1711,988
1648,JBTM-1711,989
1649,JBTM-1711,990
1650,JBTM-1711,851
1651,JBTM-1711,73
1652,JBTM-1711,991
1653,JBTM-1711,971
1654,JBTM-1711,966
1656,JBTM-1711,967
1657,JBTM-1711,66
1658,JBTM-1702,91
1659,JBTM-1700,413
1660,JBTM-1697,992
1661,JBTM-1697,993
1662,JBTM-1697,240
1663,JBTM-1693,994
1664,JBTM-1693,995
1665,JBTM-1693,996
1666,JBTM-1693,997
1667,JBTM-1693,998
1668,JBTM-1693,999
1669,JBTM-1693,1000
1670,JBTM-1693,1001
1678,JBTM-1691,105
1679,JBTM-1685,882
1680,JBTM-1685,167
1681,JBTM-1685,177
1682,JBTM-1685,197
1683,JBTM-1685,636
1684,JBTM-1684,1002
1685,JBTM-1684,1003
1686,JBTM-1684,1004
1687,JBTM-1684,1005
1688,JBTM-1684,1006
1689,JBTM-1684,1007
1690,JBTM-1684,1008
1693,JBTM-1684,1009
1694,JBTM-1683,375
1695,JBTM-1683,241
1696,JBTM-1674,639
1697,JBTM-1674,1010
1698,JBTM-1674,1011
1699,JBTM-1674,1012
1700,JBTM-1674,1013
1701,JBTM-1659,1014
1702,JBTM-1650,1007
1704,JBTM-1650,1002
1705,JBTM-1650,1003
1706,JBTM-1650,1004
1707,JBTM-1650,1005
1708,JBTM-1650,1006
1709,JBTM-1649,240
1710,JBTM-1647,105
1711,JBTM-1638,1015
1712,JBTM-1637,16
1713,JBTM-1637,12
1714,JBTM-1637,1016
1715,JBTM-1637,45
1716,JBTM-1637,2
1717,JBTM-1634,1017
1718,JBTM-1632,1018
1719,JBTM-1632,703
1720,JBTM-1632,627
1721,JBTM-1632,1019
1722,JBTM-1628,1020
1723,JBTM-1628,1021
1724,JBTM-1628,1022
1725,JBTM-1628,1023
1726,JBTM-1628,1024
1727,JBTM-1628,1025
1728,JBTM-1628,1026
1729,JBTM-1628,1027
1730,JBTM-1628,1028
1731,JBTM-1628,1029
1732,JBTM-1628,1030
1733,JBTM-1628,1031
1734,JBTM-1628,673
1735,JBTM-1628,600
1736,JBTM-1628,240
1737,JBTM-1628,584
1738,JBTM-1628,477
1739,JBTM-1628,105
1742,JBTM-1626,240
1743,JBTM-1623,583
1744,JBTM-1623,956
1746,JBTM-1622,1020
1747,JBTM-1622,1021
1748,JBTM-1622,1022
1749,JBTM-1622,1023
1750,JBTM-1622,1024
1751,JBTM-1622,1025
1752,JBTM-1622,1026
1753,JBTM-1622,1027
1754,JBTM-1622,1028
1755,JBTM-1622,1029
1756,JBTM-1622,1030
1757,JBTM-1622,1031
1758,JBTM-1622,673
1759,JBTM-1622,600
1760,JBTM-1622,240
1761,JBTM-1622,584
1762,JBTM-1622,477
1763,JBTM-1622,105
1766,JBTM-1621,1020
1767,JBTM-1621,1021
1768,JBTM-1621,1022
1769,JBTM-1621,1023
1770,JBTM-1621,1024
1771,JBTM-1621,1025
1772,JBTM-1621,1026
1773,JBTM-1621,1027
1774,JBTM-1621,1028
1775,JBTM-1621,1029
1776,JBTM-1621,1030
1777,JBTM-1621,1031
1778,JBTM-1621,673
1779,JBTM-1621,600
1780,JBTM-1621,240
1781,JBTM-1621,584
1782,JBTM-1621,477
1783,JBTM-1621,105
1786,JBTM-1616,1032
1787,JBTM-1611,538
1788,JBTM-1611,712
1789,JBTM-1609,89
1790,JBTM-1600,105
1791,JBTM-1595,1033
1792,JBTM-1595,1034
1793,JBTM-1595,1035
1794,JBTM-1562,1036
1795,JBTM-1561,1037
1796,JBTM-1561,1038
1797,JBTM-1561,1039
1798,JBTM-1561,630
1799,JBTM-1561,1040
1800,JBTM-1561,1041
1801,JBTM-1561,740
1802,JBTM-1561,781
1803,JBTM-1561,744
1804,JBTM-1561,1042
1805,JBTM-1561,1043
1806,JBTM-1561,1044
1808,JBTM-1548,240
1809,JBTM-1543,808
1810,JBTM-1543,1045
1811,JBTM-1543,477
1812,JBTM-1543,1046
1814,JBTM-1543,798
1815,JBTM-1543,1047
1816,JBTM-1543,584
1817,JBTM-1543,760
1818,JBTM-1543,957
1819,JBTM-1543,1048
1820,JBTM-1543,1049
1821,JBTM-1542,808
1822,JBTM-1542,1045
1823,JBTM-1542,477
1824,JBTM-1542,1046
1826,JBTM-1542,798
1827,JBTM-1542,1047
1828,JBTM-1542,584
1829,JBTM-1542,760
1830,JBTM-1542,957
1831,JBTM-1542,1048
1832,JBTM-1542,1049
1833,JBTM-1541,808
1834,JBTM-1541,1045
1835,JBTM-1541,477
1836,JBTM-1541,1046
1838,JBTM-1541,798
1839,JBTM-1541,1047
1840,JBTM-1541,584
1841,JBTM-1541,760
1842,JBTM-1541,957
1843,JBTM-1541,1048
1844,JBTM-1541,1049
1845,JBTM-1540,808
1846,JBTM-1540,1045
1847,JBTM-1540,477
1848,JBTM-1540,1046
1850,JBTM-1540,798
1851,JBTM-1540,1047
1852,JBTM-1540,584
1853,JBTM-1540,760
1854,JBTM-1540,957
1855,JBTM-1540,1048
1856,JBTM-1540,1049
1857,JBTM-1539,808
1858,JBTM-1539,1045
1859,JBTM-1539,477
1860,JBTM-1539,1046
1862,JBTM-1539,798
1863,JBTM-1539,1047
1864,JBTM-1539,584
1865,JBTM-1539,760
1866,JBTM-1539,957
1867,JBTM-1539,1048
1868,JBTM-1539,1049
1869,JBTM-1528,1050
1870,JBTM-1528,1051
1871,JBTM-1528,1052
1872,JBTM-1528,1001
1873,JBTM-1528,1053
1874,JBTM-1528,1054
1875,JBTM-1522,1055
1876,JBTM-1517,800
1877,JBTM-1516,1056
1878,JBTM-1516,1057
1879,JBTM-1510,882
1880,JBTM-1510,167
1881,JBTM-1510,177
1882,JBTM-1510,197
1883,JBTM-1510,636
1884,JBTM-1508,764
1885,JBTM-1508,1058
1886,JBTM-1508,584
1887,JBTM-1508,1059
1888,JBTM-1505,1060
1889,JBTM-1505,1061
1890,JBTM-1487,1062
1891,JBTM-1487,1063
1892,JBTM-1481,1064
1893,JBTM-1481,1065
1894,JBTM-1481,519
1895,JBTM-1481,1066
1896,JBTM-1465,1067
1897,JBTM-1465,1068
1898,JBTM-1465,1069
1899,JBTM-1464,1070
1900,JBTM-1464,1071
1901,JBTM-1464,1072
1902,JBTM-1452,798
1903,JBTM-1452,1073
1904,JBTM-1452,361
1905,JBTM-1452,107
1906,JBTM-1452,238
1907,JBTM-1452,388
1908,JBTM-1452,801
1909,JBTM-1452,802
1910,JBTM-1452,530
1911,JBTM-1452,1074
1912,JBTM-1452,803
1913,JBTM-1434,411
1914,JBTM-1434,746
1915,JBTM-1434,747
1916,JBTM-1434,428
1917,JBTM-1434,749
1918,JBTM-1434,332
1919,JBTM-1434,443
1920,JBTM-1434,444
1921,JBTM-1434,334
1922,JBTM-1434,760
1923,JBTM-1434,461
1924,JBTM-1434,600
1925,JBTM-1434,766
1926,JBTM-1434,676
1927,JBTM-1434,240
1928,JBTM-1434,957
1929,JBTM-1434,1049
1930,JBTM-1434,584
1931,JBTM-1434,477
1932,JBTM-1433,569
1933,JBTM-1433,413
1934,JBTM-1433,1075
1935,JBTM-1433,1076
1936,JBTM-1433,1077
1937,JBTM-1433,1078
1938,JBTM-1426,142
1939,JBTM-1417,1047
1940,JBTM-1417,6
1941,JBTM-1417,931
1942,JBTM-1417,933
1944,JBTM-1417,53
1945,JBTM-1417,22
1946,JBTM-1416,1079
1947,JBTM-1411,389
1948,JBTM-1406,852
1949,JBTM-1406,1068
1950,JBTM-1406,1080
1951,JBTM-1406,1081
1952,JBTM-1406,1082
1953,JBTM-1406,1083
1954,JBTM-1406,1084
1955,JBTM-1406,1085
1956,JBTM-1406,1086
1957,JBTM-1397,1087
1958,JBTM-1397,1063
1959,JBTM-1394,1047
1960,JBTM-1394,6
1961,JBTM-1394,931
1962,JBTM-1394,933
1964,JBTM-1394,53
1965,JBTM-1394,22
1966,JBTM-1388,1088
1967,JBTM-1388,1089
1968,JBTM-1388,1090
1969,JBTM-1388,1091
1970,JBTM-1388,1092
1971,JBTM-1385,124
1972,JBTM-1380,1093
1973,JBTM-1380,1047
1974,JBTM-1380,1094
1975,JBTM-1380,293
1976,JBTM-1380,673
1977,JBTM-1380,600
1978,JBTM-1380,240
1979,JBTM-1380,584
1980,JBTM-1380,477
1981,JBTM-1380,851
1982,JBTM-1379,293
1983,JBTM-1379,673
1984,JBTM-1379,600
1985,JBTM-1379,240
1986,JBTM-1379,584
1987,JBTM-1374,142
1988,JBTM-1360,798
1989,JBTM-1356,102
1990,JBTM-1356,1095
1991,JBTM-1356,1096
1992,JBTM-1356,1097
1993,JBTM-1354,413
1994,JBTM-1354,1098
1996,JBTM-1354,1099
1997,JBTM-1350,105
1999,JBTM-1343,1052
2000,JBTM-1343,1100
2001,JBTM-1343,703
2002,JBTM-1343,362
2003,JBTM-1331,931
2004,JBTM-1331,933
2005,JBTM-1323,1101
2006,JBTM-1316,1102
2007,JBTM-1316,1103
2008,JBTM-1316,1104
2009,JBTM-1316,1105
2010,JBTM-1307,140
2011,JBTM-1307,411
2012,JBTM-1307,746
2013,JBTM-1307,747
2014,JBTM-1307,428
2015,JBTM-1307,749
2016,JBTM-1307,378
2017,JBTM-1307,332
2018,JBTM-1307,443
2019,JBTM-1307,444
2020,JBTM-1307,334
2021,JBTM-1307,461
2022,JBTM-1307,766
2023,JBTM-1307,676
2024,JBTM-1307,240
2025,JBTM-1307,957
2026,JBTM-1307,105
2027,JBTM-1307,584
2031,JBTM-1307,293
2032,JBTM-1307,600
2036,JBTM-1306,140
2037,JBTM-1306,411
2038,JBTM-1306,746
2039,JBTM-1306,747
2040,JBTM-1306,428
2041,JBTM-1306,749
2042,JBTM-1306,378
2043,JBTM-1306,332
2044,JBTM-1306,443
2045,JBTM-1306,444
2046,JBTM-1306,334
2047,JBTM-1306,461
2048,JBTM-1306,766
2049,JBTM-1306,676
2050,JBTM-1306,240
2051,JBTM-1306,957
2052,JBTM-1306,105
2053,JBTM-1306,584
2057,JBTM-1306,293
2058,JBTM-1306,600
2062,JBTM-1302,1106
2063,JBTM-1302,1107
2064,JBTM-1302,1108
2065,JBTM-1302,1109
2066,JBTM-1302,1110
2067,JBTM-1302,1111
2068,JBTM-1302,1088
2069,JBTM-1302,1112
2070,JBTM-1302,1113
2071,JBTM-1302,1089
2072,JBTM-1302,1114
2073,JBTM-1302,1115
2074,JBTM-1302,1116
2075,JBTM-1302,1117
2076,JBTM-1302,1118
2077,JBTM-1302,1119
2078,JBTM-1302,1120
2079,JBTM-1302,1121
2080,JBTM-1302,1122
2081,JBTM-1302,1123
2082,JBTM-1302,1124
2083,JBTM-1302,1125
2084,JBTM-1302,1126
2085,JBTM-1302,1127
2086,JBTM-1302,1128
2087,JBTM-1302,1129
2088,JBTM-1302,1130
2089,JBTM-1302,1131
2090,JBTM-1302,1090
2091,JBTM-1302,1132
2092,JBTM-1302,1133
2093,JBTM-1302,1134
2094,JBTM-1302,1135
2095,JBTM-1302,1136
2096,JBTM-1302,1137
2097,JBTM-1302,1138
2098,JBTM-1302,1091
2099,JBTM-1302,1139
2100,JBTM-1302,1092
2101,JBTM-1302,1140
2102,JBTM-1302,1141
2103,JBTM-1302,1142
2104,JBTM-1302,1143
2105,JBTM-1302,1144
2106,JBTM-1302,1079
2107,JBTM-1302,1145
2108,JBTM-1298,332
2109,JBTM-1293,1146
2110,JBTM-1293,377
2111,JBTM-1293,477
2112,JBTM-1293,1047
2113,JBTM-1293,1
2114,JBTM-1293,10
2115,JBTM-1293,78
2116,JBTM-1291,105
2117,JBTM-1290,105
2119,JBTM-1288,105
2120,JBTM-1280,477
2121,JBTM-1273,636
2122,JBTM-1268,105
2123,JBTM-1258,388
2124,JBTM-1258,105
2125,JBTM-1256,105
2126,JBTM-1243,1109
2127,JBTM-1243,1118
2128,JBTM-1243,1130
2129,JBTM-1243,1091
2130,JBTM-1239,1147
2131,JBTM-1238,940
2132,JBTM-1238,884
2133,JBTM-1236,673
2134,JBTM-1225,1148
2135,JBTM-1211,105
2137,JBTM-1210,673
2138,JBTM-1203,43
2139,JBTM-1186,1149
2140,JBTM-1185,584
2141,JBTM-1185,1150
2142,JBTM-1185,1151
2143,JBTM-1185,1152
2144,JBTM-1185,1153
2145,JBTM-1185,1154
2146,JBTM-1180,240
2147,JBTM-1179,1155
2148,JBTM-1179,1156
2149,JBTM-1179,1103
2150,JBTM-1178,1087
2151,JBTM-1178,240
2152,JBTM-1177,1103
2153,JBTM-1177,1157
2154,JBTM-1177,240
2155,JBTM-1146,1158
2157,JBTM-1085,1159
2158,JBTM-1085,1160
2159,JBTM-1572,703
2160,JBTM-1572,362
2161,JBTM-1572,827
2162,JBTM-1572,1161
2163,JBTM-1572,1162
2164,JBTM-1042,1163
2165,JBTM-1042,1164
2166,JBTM-1041,1165
2167,JBTM-1041,1166
2168,JBTM-1040,1167
2169,JBTM-1038,1168
2170,JBTM-1037,1169
